#id1,id2,weight
A,Code,1
H,Code,1
L,Code,1
P,Code,1
R,Code,1
S,Code,1
T,Code,1
U,Code,1
V,Code,1
ADM3,A,1
PRSH,A,1
ADM2,A,1
ZN,A,1
ADM4,A,1
ADM1H,A,1
STM,H,1
RCH,H,1
LK,H,1
STMSB,H,1
PND,H,1
RSV,H,1
MRSH,H,1
WTRC,H,1
PNDS,H,1
HBR,H,1
CMN,L,1
PRK,L,1
AREA,L,1
LCTY,L,1
CTRB,L,1
MVA,L,1
RESF,L,1
RESN,L,1
GRAZ,L,1
RGN,L,1
PPLA3,P,1
PPL,P,1
PPLX,P,1
PPLC,P,1
PPLL,P,1
PPLA4,P,1
RDA,R,1
TNL,R,1
ST,R,1
RDJCT,R,1
TNLRD,R,1
RD,R,1
RJCT,R,1
TNLRR,R,1
RYD,R,1
EST,S,1
RSTN,S,1
MTRO,S,1
BDG,S,1
LOCK,S,1
PAL,S,1
RSTNQ,S,1
CH,S,1
CSTL,S,1
TOWR,S,1
STDM,S,1
HSP,S,1
OBS,S,1
AIRP,S,1
STNM,S,1
HTL,S,1
BCN,S,1
HSTS,S,1
OBPT,S,1
THTR,S,1
MUS,S,1
BLDG,S,1
MALL,S,1
CTRR,S,1
MKT,S,1
MNMT,S,1
BRKS,S,1
SQR,S,1
CTHSE,S,1
BANK,S,1
UNIV,S,1
OPRA,S,1
STNR,S,1
CTRCM,S,1
HSE,S,1
HSPC,S,1
LIBR,S,1
SCH,S,1
CMTY,S,1
PO,S,1
ATM,S,1
PRN,S,1
MLWND,S,1
REST,S,1
ARCHV,S,1
PP,S,1
BUSTN,S,1
PS,S,1
ADMF,S,1
FCL,S,1
FY,S,1
RUIN,S,1
SWT,S,1
SCHC,S,1
BLDO,S,1
DCKY,S,1
DCKD,S,1
ATHF,S,1
MAR,S,1
RECG,S,1
PRKGT,S,1
GRVE,S,1
AIRH,S,1
GDN,S,1
AGRF,S,1
MFGB,S,1
FRM,S,1
TMB,S,1
ARCH,S,1
AIRF,S,1
RET,S,1
SPA,S,1
PT,T,1
ISL,T,1
HLL,T,1
FRST,V,1
MDW,V,1
HTH,V,1
Wrotham,EST,1
Park:0,EST,1
Syon:1,EST,1
House:5,EST,1
Woolwich:0,PPLA3,1
Wood:0,PPLA3,1
Green:0,PPLA3,1
City:0,PPLA3,1
of:0,PPLA3,1
Westminster:0,PPLA3,1
Kensington:2,PPLA3,1
Ham:1,PPLA3,1
Wembley:0,PPLA3,1
Wandsworth:0,PPLA3,1
Walthamstow:0,PPLA3,1
London:1,PPLA3,1
Twickenham:0,PPLA3,1
Thames:2,PPLA3,1
Poplar:0,PPLA3,1
Morden:0,PPLA3,1
Islington:0,PPLA3,1
Ilford:0,PPLA3,1
Hendon:0,PPLA3,1
Harrow:1,PPLA3,1
Hammersmith:0,PPLA3,1
Hackney:0,PPLA3,1
Enfield:1,PPLA3,1
Town:0,PPLA3,1
East:1,PPLA3,1
Ealing:0,PPLA3,1
Catford:0,PPLA3,1
Bromley:0,PPLA3,1
Bexleyheath:0,PPLA3,1
Camden:1,PPLA3,1
upon:1,PPLA3,1
Camberwell,PPLA3,1
Kingston:1,PPLA3,1
Park:6,PPL,1
Woolwich:1,PPL,1
Wood:3,PPL,1
Green:1,PPL,1
Woodford:0,PPL,1
Winchmore:0,PPL,1
Hill:0,PPL,1
Wimbledon:2,PPL,1
Common:3,PPL,1
Willesden:1,PPL,1
Whetstone:0,PPL,1
West:3,PPL,1
Norwood:2,PPL,1
of:16,PPL,1
Westminster:8,PPL,1
Ham:0,PPL,1
Welling:0,PPL,1
Wealdstone:0,PPL,1
Wanstead:0,PPL,1
London:27,PPL,1
Victoria:6,PPL,1
Upper:2,PPL,1
Clapton:3,PPL,1
Tower:8,PPL,1
Hamlets:1,PPL,1
Totteridge:0,PPL,1
Tottenham:0,PPL,1
Thornton:0,PPL,1
Heath:0,PPL,1
The:0,PPL,1
Hyde:0,PPL,1
Teddington:0,PPL,1
Sudbury:0,PPL,1
Streatham:0,PPL,1
Strawberry:0,PPL,1
Stratford:0,PPL,1
Stepney:0,PPL,1
Stanmore:0,PPL,1
South:4,PPL,1
Southgate:0,PPL,1
Snaresbrook:0,PPL,1
Sidcup:0,PPL,1
Shoreditch:0,PPL,1
Shepherds:0,PPL,1
Bush:0,PPL,1
Seven:3,PPL,1
Kings:4,PPL,1
St:14,PPL,1
Richmond:1,PPL,1
Puddle,PPL,1
Dock:0,PPL,1
Preston:0,PPL,1
Ponders:0,PPL,1
End:0,PPL,1
Plumstead:0,PPL,1
Perivale:0,PPL,1
Palmers:0,PPL,1
Paddington:0,PPL,1
Notting:2,PPL,1
North:0,PPL,1
Acton:0,PPL,1
New:0,PPL,1
Malden:1,PPL,1
Cross:6,PPL,1
Barnet:0,PPL,1
Molesey,PPL,1
Mitcham:1,PPL,1
Junction:1,PPL,1
Mill:0,PPL,1
Mayfair:0,PPL,1
Lower:2,PPL,1
Loughton:0,PPL,1
Street:5,PPL,1
Leyton:0,PPL,1
King's:1,PPL,1
Kingsbury:1,PPL,1
Kidbrooke:0,PPL,1
Kew:0,PPL,1
Gardens:0,PPL,1
Kenton:0,PPL,1
Isleworth:0,PPL,1
Hornsey:0,PPL,1
Holborn:0,PPL,1
Highgate:0,PPL,1
Highbury:0,PPL,1
Harrow:0,PPL,1
Weald,PPL,1
on,PPL,1
the:0,PPL,1
Harlesden:0,PPL,1
Hanwell:0,PPL,1
Hampstead:0,PPL,1
Hadley:1,PPL,1
Goodmayes:0,PPL,1
Fulham:0,PPL,1
Friern,PPL,1
Foots,PPL,1
Cray:0,PPL,1
Finsbury:0,PPL,1
Finchley:0,PPL,1
Fenchurch:1,PPL,1
Fairlop:3,PPL,1
Euston:2,PPL,1
Enfield:0,PPL,1
Lock:0,PPL,1
Town:1,PPL,1
Eltham:0,PPL,1
Elstree:0,PPL,1
Elmers:0,PPL,1
Edmonton:0,PPL,1
Edgware:0,PPL,1
East:0,PPL,1
Court:4,PPL,1
Ealing:6,PPL,1
Dollis:0,PPL,1
Deptford:0,PPL,1
Cubitt,PPL,1
Cricklewood:0,PPL,1
Clapham:2,PPL,1
Chislehurst:0,PPL,1
Chingford:0,PPL,1
Chigwell:0,PPL,1
Cannon:4,PPL,1
Caldecote,PPL,1
Bushey:0,PPL,1
Palace:4,PPL,1
Buckhurst:0,PPL,1
Brentford:0,PPL,1
Borehamwood:0,PPL,1
Blackfriars:5,PPL,1
Bickley:0,PPL,1
Bermondsey:0,PPL,1
Beckenham:0,PPL,1
Barnes:0,PPL,1
Barking:1,PPL,1
Balham:0,PPL,1
Camden:6,PPL,1
Royal:17,PPL,1
Merton:1,PPL,1
Redbridge:2,PPL,1
&:3,PPL,1
House:13,PPL,1
Blackheath:2,PPL,1
Marks:3,PPL,1
Oak:4,PPL,1
Farm:1,PPL,1
Manor:4,PPL,1
Russell:2,PPL,1
Riverside:2,PPL,1
Gate:4,PPL,1
Square:6,PPL,1
Grange:1,PPL,1
Marble:3,PPL,1
Arch:4,PPL,1
Farringdon:1,PPL,1
Knightsbridge:1,PPL,1
Colliers:1,PPL,1
Abbey:3,PPL,1
Bank:3,PPL,1
Paul's:4,PPL,1
Old:1,PPL,1
Hampton:0,PPL,1
Clerkenwell,PPL,1
Belsize:0,PPL,1
Primrose,PPL,1
Chalk:0,PPL,1
Tufnell:0,PPL,1
Kentish:0,PPL,1
Barnsbury:0,PPL,1
Shadwell:0,PPL,1
Mottingham:0,PPL,1
Nine:0,PPL,1
Elms:0,PPL,1
Tooting:4,PPL,1
Surbiton:0,PPL,1
Brixton:1,PPL,1
Elephant:0,PPL,1
Castle:0,PPL,1
Greenhill,PPL,1
Crystal:0,PPL,1
Muswell,PPL,1
Brockley:2,PPL,1
Broadway:5,PPL,1
Ladywell:2,PPL,1
Shortlands:2,PPL,1
Anerley:1,PPL,1
Aldgate:3,PPL,1
Crofton:3,PPL,1
Lee:2,PPL,1
Canning:2,PPL,1
Charlton:1,PPL,1
Earlsfield:1,PPL,1
Wick:1,PPL,1
Harringay:1,PPL,1
Mortlake:1,PPL,1
Norbiton:1,PPL,1
Sheen:1,PPL,1
Sisters:2,PPL,1
Barons:1,PPL,1
Burnt:1,PPL,1
Canons:1,PPL,1
Colindale:1,PPL,1
Gants:1,PPL,1
Golders:1,PPL,1
Leicester:2,PPL,1
Mansion:2,PPL,1
Bec:2,PPL,1
Monument:3,PPL,1
Billingsgate:1,PPL,1
Ludgate:1,PPL,1
Abridge,PPL,1
Arkley,PPL,1
Headstone,PPL,1
Furzedown,PPL,1
Aldersbrook,PPL,1
Waters,PPL,1
Thamesmead,PPL,1
Graveney,PPL,1
Summerstown,PPL,1
Area,PPL,1
Wimbledon:0,CMN,1
Common:0,CMN,1
Ham:7,CMN,1
Wandsworth:5,CMN,1
Mitcham:3,CMN,1
Tooting:3,CMN,1
Rush,CMN,1
Bec:1,CMN,1
Commons,CMN,1
Extension,CMN,1
Park:1,PPLX,1
Wood:1,PPLX,1
Green:2,PPLX,1
Woodford:1,PPLX,1
Hill:2,PPLX,1
Wimbledon:1,PPLX,1
Willesden:0,PPLX,1
Whitechapel:0,PPLX,1
West:1,PPLX,1
Norwood:1,PPLX,1
of:3,PPLX,1
Kensington:1,PPLX,1
Ham:2,PPLX,1
Dulwich:0,PPLX,1
Brompton:0,PPLX,1
Waterloo:4,PPLX,1
Walworth,PPLX,1
London:12,PPLX,1
Victoria:1,PPLX,1
Upton:2,PPLX,1
Upper:0,PPLX,1
Holloway:1,PPLX,1
Clapton:0,PPLX,1
Tottenham:1,PPLX,1
Heath:3,PPLX,1
The:8,PPLX,1
Lane:6,PPLX,1
Sydenham:1,PPLX,1
Grove:4,PPLX,1
Stoke:0,PPLX,1
Newington:0,PPLX,1
Spitalfields,PPLX,1
Southwark:0,PPLX,1
South:0,PPLX,1
Silvertown:0,PPLX,1
Shooters,PPLX,1
Seven:0,PPLX,1
Kings:0,PPLX,1
Saint:0,PPLX,1
Pancras:0,PPLX,1
St:0,PPLX,1
John's:0,PPLX,1
Rotherhithe:1,PPLX,1
Roehampton:0,PPLX,1
Raynes:0,PPLX,1
Putney:1,PPLX,1
End:1,PPLX,1
Oxford:3,PPLX,1
Circus:3,PPLX,1
Notting:0,PPLX,1
North:2,PPLX,1
Greenwich:1,PPLX,1
Norbury:0,PPLX,1
New:1,PPLX,1
Malden:0,PPLX,1
Cross:0,PPLX,1
Barnet:5,PPLX,1
Neasden:0,PPLX,1
Millwall,PPLX,1
Marylebone:2,PPLX,1
Maida:1,PPLX,1
Vale:1,PPLX,1
Lower:1,PPLX,1
Street:7,PPLX,1
Limehouse:0,PPLX,1
Lewisham:0,PPLX,1
Hoxton:0,PPLX,1
Road:2,PPLX,1
High:4,PPLX,1
Herne:1,PPLX,1
Haringey:0,PPLX,1
Hampstead:3,PPLX,1
Hackney:2,PPLX,1
Forest:0,PPLX,1
Finchley:1,PPLX,1
Edmonton:2,PPLX,1
East:2,PPLX,1
Court:1,PPLX,1
Earls:0,PPLX,1
Covent:0,PPLX,1
Garden:0,PPLX,1
Cockfosters:0,PPLX,1
Clapham:0,PPLX,1
Chiswick:0,PPLX,1
Chelsea:0,PPLX,1
Charing:1,PPLX,1
Bushey:1,PPLX,1
Brent:1,PPLX,1
Bow:0,PPLX,1
Bloomsbury:0,PPLX,1
Blackwall:1,PPLX,1
Bermondsey:1,PPLX,1
Beckton:0,PPLX,1
Barnes:4,PPLX,1
Barkingside:0,PPLX,1
Lambeth:3,PPLX,1
Cottage:1,PPLX,1
Middlesex:2,PPLX,1
Chadwell:1,PPLX,1
Oak:1,PPLX,1
Gate:1,PPLX,1
Bayswater:1,PPLX,1
Belgravia:1,PPLX,1
Fitzrovia:1,PPLX,1
Queens:1,PPLX,1
Village:2,PPLX,1
Canary:1,PPLX,1
Wharf:1,PPLX,1
Soho:1,PPLX,1
Oakwood:1,PPLX,1
Oval:1,PPLX,1
Pimlico:0,PPLX,1
Bank:0,PPLX,1
Peckham:3,PPLX,1
James's:0,PPLX,1
Brook:0,PPLX,1
Holland:0,PPLX,1
Old:0,PPLX,1
Bailey,PPLX,1
Swiss:1,PPLX,1
Battersea:1,PPLX,1
Crouch:0,PPLX,1
Kilburn:0,PPLX,1
Barbican:0,PPLX,1
Castelnau,PPLX,1
Ridgeway,PPLX,1
Stockwell:0,PPLX,1
Tooting:0,PPLX,1
Hainault:0,PPLX,1
Becontree:0,PPLX,1
Brixton:0,PPLX,1
Bethnal:0,PPLX,1
Mile:0,PPLX,1
Baker:0,PPLX,1
Leytonstone:0,PPLX,1
Dalston:0,PPLX,1
Brockley:0,PPLX,1
Honor:0,PPLX,1
Southfields:0,PPLX,1
Nunhead:0,PPLX,1
Wapping:0,PPLX,1
Penge:0,PPLX,1
Kensal:0,PPLX,1
Surrey:0,PPLX,1
Quays:0,PPLX,1
Kent:1,PPLX,1
Kingsland:1,PPLX,1
Gunnersbury:2,PPLX,1
Highams:1,PPLX,1
Stamford:3,PPLX,1
Hale:2,PPLX,1
Embankment:1,PPLX,1
Plaistow:1,PPLX,1
Brick:1,PPLX,1
Sands,PPLX,1
Higham,PPLX,1
Mead,PPLX,1
Fleet,PPLX,1
Park:2,RSTN,1
Woolwich:3,RSTN,1
Wood:2,RSTN,1
Green:6,RSTN,1
Winchmore:1,RSTN,1
Hill:1,RSTN,1
Wimbledon:4,RSTN,1
Common:1,RSTN,1
Willesden:3,RSTN,1
West:0,RSTN,1
Norwood:0,RSTN,1
Railway:0,RSTN,1
Station:0,RSTN,1
City:7,RSTN,1
Kensington:7,RSTN,1
Underground:2,RSTN,1
Ham:3,RSTN,1
Dulwich:1,RSTN,1
Brompton:2,RSTN,1
Wembley:1,RSTN,1
Welling:1,RSTN,1
Wealdstone:1,RSTN,1
Waterloo:0,RSTN,1
Wanstead:1,RSTN,1
Wandsworth:4,RSTN,1
Walthamstow:1,RSTN,1
London:0,RSTN,1
Victoria:0,RSTN,1
station,RSTN,1
Upton:0,RSTN,1
Upper:1,RSTN,1
Holloway:0,RSTN,1
Clapton:2,RSTN,1
Twickenham:4,RSTN,1
Bridge:1,RSTN,1
Tottenham:2,RSTN,1
Thornton:1,RSTN,1
Heath:4,RSTN,1
Teddington:3,RSTN,1
Syon:0,RSTN,1
Lane:0,RSTN,1
Sydenham:0,RSTN,1
Sudbury:1,RSTN,1
Streatham:1,RSTN,1
Strawberry:1,RSTN,1
Stratford:3,RSTN,1
Grove:1,RSTN,1
Stoke:1,RSTN,1
Newington:1,RSTN,1
South:5,RSTN,1
Southgate:1,RSTN,1
Sidcup:2,RSTN,1
Shoreditch:2,RSTN,1
Bush:3,RSTN,1
Seven:1,RSTN,1
Kings:3,RSTN,1
Pancras:1,RSTN,1
St:5,RSTN,1
Rotherhithe:2,RSTN,1
Richmond:7,RSTN,1
Raynes:1,RSTN,1
Putney:4,RSTN,1
Dock:1,RSTN,1
Ponders:1,RSTN,1
End:3,RSTN,1
Plumstead:1,RSTN,1
Palmers:1,RSTN,1
Paddington:2,RSTN,1
North:1,RSTN,1
Greenwich:5,RSTN,1
Acton:1,RSTN,1
Norbury:1,RSTN,1
New:5,RSTN,1
Malden:2,RSTN,1
Cross:1,RSTN,1
Barnet:6,RSTN,1
Morden:2,RSTN,1
Mitcham:0,RSTN,1
Junction:0,RSTN,1
Mill:2,RSTN,1
Maze,RSTN,1
Marylebone:0,RSTN,1
Lower:0,RSTN,1
Liverpool:0,RSTN,1
Street:0,RSTN,1
Fields:1,RSTN,1
Limehouse:3,RSTN,1
Leyton:1,RSTN,1
Lewisham:3,RSTN,1
King's:0,RSTN,1
Kidbrooke:1,RSTN,1
Kew:3,RSTN,1
Gardens:4,RSTN,1
Kenton:2,RSTN,1
Islington:3,RSTN,1
Isleworth:1,RSTN,1
Ilford:2,RSTN,1
Hoxton:2,RSTN,1
Hornsey:1,RSTN,1
Road:5,RSTN,1
Highbury:1,RSTN,1
High:3,RSTN,1
Herne:0,RSTN,1
Hendon:1,RSTN,1
Harrow:4,RSTN,1
Harlesden:1,RSTN,1
Hanwell:1,RSTN,1
Hampstead:5,RSTN,1
Hadley:0,RSTN,1
Hackney:3,RSTN,1
Goodmayes:2,RSTN,1
Forest:3,RSTN,1
Cray:2,RSTN,1
Finsbury:2,RSTN,1
Finchley:6,RSTN,1
Fenchurch:0,RSTN,1
Fairlop:0,RSTN,1
Euston:0,RSTN,1
railway,RSTN,1
Enfield:4,RSTN,1
Lock:4,RSTN,1
Town:4,RSTN,1
Eltham:1,RSTN,1
Elstree:2,RSTN,1
Elmers:1,RSTN,1
Edmonton:1,RSTN,1
East:4,RSTN,1
Court:8,RSTN,1
Ealing:4,RSTN,1
Deptford:2,RSTN,1
Dagenham:0,RSTN,1
Cricklewood:1,RSTN,1
Clapham:3,RSTN,1
Chiswick:3,RSTN,1
Chislehurst:1,RSTN,1
Chingford:1,RSTN,1
Charing:0,RSTN,1
Catford:1,RSTN,1
Cannon:0,RSTN,1
Palace:5,RSTN,1
Bromley:3,RSTN,1
Brimsdown,RSTN,1
Brentford:2,RSTN,1
Borehamwood:1,RSTN,1
Blackfriars:0,RSTN,1
Bickley:1,RSTN,1
Bexleyheath:1,RSTN,1
Bermondsey:2,RSTN,1
Beckenham:1,RSTN,1
Barnes:3,RSTN,1
Barking:5,RSTN,1
Balham:1,RSTN,1
Bexley:1,RSTN,1
Camden:3,RSTN,1
Merton:3,RSTN,1
Mary:1,RSTN,1
Stadium:2,RSTN,1
White:2,RSTN,1
Hart:1,RSTN,1
&:4,RSTN,1
Johns:2,RSTN,1
House:6,RSTN,1
Kingston:3,RSTN,1
Blackheath:1,RSTN,1
Central:3,RSTN,1
International:2,RSTN,1
Homerton:1,RSTN,1
Chadwell:2,RSTN,1
Oak:2,RSTN,1
Chase:1,RSTN,1
Elmstead,RSTN,1
Woods,RSTN,1
Angel:1,RSTN,1
Manor:1,RSTN,1
James:1,RSTN,1
Gate:2,RSTN,1
Queen's:1,RSTN,1
Grange:2,RSTN,1
Alexandra:2,RSTN,1
Vauxhall:3,RSTN,1
Queens:2,RSTN,1
Imperial:1,RSTN,1
Cambridge:2,RSTN,1
Shepherd's:1,RSTN,1
Canary:2,RSTN,1
Wharf:2,RSTN,1
Farringdon:2,RSTN,1
Abbey:2,RSTN,1
Peckham:1,RSTN,1
Rye:1,RSTN,1
Old:4,RSTN,1
Battersea:3,RSTN,1
Arsenal:2,RSTN,1
Hampton:1,RSTN,1
Crouch:1,RSTN,1
Kilburn:1,RSTN,1
Kentish:1,RSTN,1
Barnsbury:1,RSTN,1
Mottingham:1,RSTN,1
Tooting:1,RSTN,1
Surbiton:1,RSTN,1
Brixton:5,RSTN,1
Bethnal:1,RSTN,1
Elephant:1,RSTN,1
Castle:1,RSTN,1
Leytonstone:3,RSTN,1
Crystal:1,RSTN,1
Midland,RSTN,1
Dalston:1,RSTN,1
Brockley:1,RSTN,1
Broadway:1,RSTN,1
Honor:1,RSTN,1
Nunhead:1,RSTN,1
Wapping:1,RSTN,1
Penge:1,RSTN,1
Kensal:1,RSTN,1
Surrey:1,RSTN,1
Quays:3,RSTN,1
Sundridge,RSTN,1
Clock,RSTN,1
Ladywell:0,RSTN,1
Bellingham,RSTN,1
Ravensbourne,RSTN,1
Shortlands:1,RSTN,1
Kent:0,RSTN,1
Birkbeck:1,RSTN,1
Custom:2,RSTN,1
Anerley:0,RSTN,1
Selhurst:0,RSTN,1
Crofton:0,RSTN,1
Hither:0,RSTN,1
Lee:0,RSTN,1
Canning:1,RSTN,1
Westcombe,RSTN,1
Charlton:0,RSTN,1
Falconwood,RSTN,1
Stations,RSTN,1
Dockyard,RSTN,1
Albany,RSTN,1
Main:0,RSTN,1
Line,RSTN,1
Berrylands,RSTN,1
Blackhorse:0,RSTN,1
Bowes,RSTN,1
Brondesbury,RSTN,1
Bruce,RSTN,1
Caledonian:0,RSTN,1
Canonbury,RSTN,1
Bar,RSTN,1
Thameslink:0,RSTN,1
Kingsland:0,RSTN,1
Denmark:0,RSTN,1
Drayton,RSTN,1
Earlsfield:0,RSTN,1
Essex,RSTN,1
Frognal,RSTN,1
Fulwell,RSTN,1
Gipsy,RSTN,1
Gordon,RSTN,1
Gospel,RSTN,1
Greenford:0,RSTN,1
Gunnersbury:0,RSTN,1
Downs,RSTN,1
Wick:0,RSTN,1
Harringay:0,RSTN,1
Lanes,RSTN,1
Harrow-on-the-Hill:0,RSTN,1
Haydons,RSTN,1
Highams:0,RSTN,1
Rise,RSTN,1
Loughborough,RSTN,1
Maryland,RSTN,1
Eastfields,RSTN,1
Moorgate:0,RSTN,1
Mortlake:0,RSTN,1
Motspur,RSTN,1
Norbiton:0,RSTN,1
Sheen:0,RSTN,1
Northumberland,RSTN,1
Oakleigh,RSTN,1
Queenstown,RSTN,1
Rectory,RSTN,1
Margarets,RSTN,1
Sisters:0,RSTN,1
Silver,RSTN,1
Southbury,RSTN,1
Stamford:0,RSTN,1
Stonebridge:0,RSTN,1
Hale:0,RSTN,1
Tulse,RSTN,1
Woodgrange,RSTN,1
Train,RSTN,1
Haggerston,RSTN,1
Rail:0,RSTN,1
Mainline,RSTN,1
Park:8,MTRO,1
Woolwich:2,MTRO,1
Wood:4,MTRO,1
Green:3,MTRO,1
Woodford:2,MTRO,1
Hill:6,MTRO,1
Wimbledon:3,MTRO,1
Common:2,MTRO,1
Willesden:4,MTRO,1
Whitechapel:2,MTRO,1
Whetstone:1,MTRO,1
West:2,MTRO,1
Station:1,MTRO,1
City:6,MTRO,1
Westminster:7,MTRO,1
Kensington:0,MTRO,1
Underground:0,MTRO,1
Ham:4,MTRO,1
Brompton:3,MTRO,1
Wembley:4,MTRO,1
Wealdstone:2,MTRO,1
Waterloo:5,MTRO,1
Wanstead:2,MTRO,1
Walthamstow:2,MTRO,1
London:19,MTRO,1
Victoria:7,MTRO,1
Upton:3,MTRO,1
Holloway:2,MTRO,1
Tower:5,MTRO,1
Bridge:3,MTRO,1
Totteridge:1,MTRO,1
Tottenham:3,MTRO,1
Hyde:3,MTRO,1
Lane:4,MTRO,1
Sudbury:2,MTRO,1
Stratford:2,MTRO,1
Grove:2,MTRO,1
Stepney:1,MTRO,1
Stanmore:2,MTRO,1
Southwark:5,MTRO,1
South:1,MTRO,1
Southgate:2,MTRO,1
Snaresbrook:1,MTRO,1
Silvertown:1,MTRO,1
Bush:4,MTRO,1
Seven:2,MTRO,1
Pancras:2,MTRO,1
St:6,MTRO,1
John's:2,MTRO,1
Roding:1,MTRO,1
Richmond:8,MTRO,1
Putney:5,MTRO,1
Dock:2,MTRO,1
Preston:1,MTRO,1
Poplar:1,MTRO,1
End:4,MTRO,1
Perivale:1,MTRO,1
Parsons,MTRO,1
Paddington:3,MTRO,1
Oxford:0,MTRO,1
Circus:0,MTRO,1
Notting:1,MTRO,1
North:3,MTRO,1
Greenwich:0,MTRO,1
Acton:2,MTRO,1
Cross:2,MTRO,1
Barnet:1,MTRO,1
Neasden:1,MTRO,1
Morden:1,MTRO,1
Mitcham:2,MTRO,1
Junction:3,MTRO,1
Mill:1,MTRO,1
Marylebone:3,MTRO,1
Maida:0,MTRO,1
Vale:0,MTRO,1
Loughton:1,MTRO,1
Liverpool:1,MTRO,1
Street:6,MTRO,1
Limehouse:2,MTRO,1
Leyton:2,MTRO,1
Lewisham:4,MTRO,1
King's:3,MTRO,1
Kingsbury:0,MTRO,1
Kew:4,MTRO,1
Gardens:3,MTRO,1
Kenton:3,MTRO,1
Islington:4,MTRO,1
Road:0,MTRO,1
Holborn:4,MTRO,1
Highgate:1,MTRO,1
Highbury:2,MTRO,1
High:0,MTRO,1
Hendon:2,MTRO,1
Harrow:5,MTRO,1
Harlesden:2,MTRO,1
Hampstead:6,MTRO,1
Hammersmith:5,MTRO,1
Great:4,MTRO,1
Fulham:3,MTRO,1
Finsbury:3,MTRO,1
Finchley:4,MTRO,1
Fairlop:2,MTRO,1
Euston:1,MTRO,1
Town:3,MTRO,1
Elmers:2,MTRO,1
Edgware:2,MTRO,1
East:6,MTRO,1
Earl's:0,MTRO,1
Court:0,MTRO,1
Ealing:5,MTRO,1
Dollis:1,MTRO,1
Deptford:1,MTRO,1
Dagenham:2,MTRO,1
Covent:3,MTRO,1
Garden:4,MTRO,1
Cockfosters:1,MTRO,1
Clapham:4,MTRO,1
Chiswick:4,MTRO,1
Chigwell:1,MTRO,1
Charing:3,MTRO,1
Cannon:2,MTRO,1
Buckhurst:1,MTRO,1
Brent:0,MTRO,1
Bow:3,MTRO,1
Blackwall:3,MTRO,1
Reach:1,MTRO,1
Blackfriars:2,MTRO,1
Bermondsey:3,MTRO,1
Beckton:1,MTRO,1
Beckenham:2,MTRO,1
Barkingside:1,MTRO,1
Barking:6,MTRO,1
Balham:2,MTRO,1
Camden:4,MTRO,1
Royal:11,MTRO,1
Lambeth:5,MTRO,1
Merton:2,MTRO,1
Redbridge:1,MTRO,1
Church:2,MTRO,1
Cottage:2,MTRO,1
White:3,MTRO,1
Valley:1,MTRO,1
&:5,MTRO,1
House:7,MTRO,1
St.:3,MTRO,1
Sloane:2,MTRO,1
Northwick:1,MTRO,1
Central:2,MTRO,1
King:2,MTRO,1
George:2,MTRO,1
Oak:3,MTRO,1
Farm:2,MTRO,1
Airport:1,MTRO,1
Angel:3,MTRO,1
Manor:2,MTRO,1
Belgrave:1,MTRO,1
Piccadilly:3,MTRO,1
Russell:1,MTRO,1
Gate:3,MTRO,1
Bayswater:2,MTRO,1
Queen's:2,MTRO,1
Square:3,MTRO,1
Grange:3,MTRO,1
Marble:2,MTRO,1
Arch:2,MTRO,1
Olympia:2,MTRO,1
Lancaster:1,MTRO,1
Regent:1,MTRO,1
Vauxhall:4,MTRO,1
Queensway:1,MTRO,1
Prince:2,MTRO,1
Shepherd's:2,MTRO,1
Canary:3,MTRO,1
Wharf:3,MTRO,1
Farringdon:3,MTRO,1
India:1,MTRO,1
Quay:1,MTRO,1
Oakwood:2,MTRO,1
Warwick:1,MTRO,1
Knightsbridge:2,MTRO,1
Colliers:2,MTRO,1
Abbey:4,MTRO,1
And:1,MTRO,1
Oval:2,MTRO,1
Kennington:1,MTRO,1
Pimlico:1,MTRO,1
Bank:2,MTRO,1
James's:1,MTRO,1
Brook:1,MTRO,1
Holland:2,MTRO,1
Paul's:1,MTRO,1
All:1,MTRO,1
Temple:2,MTRO,1
Borough:1,MTRO,1
Market:1,MTRO,1
Regent's:1,MTRO,1
Albert:3,MTRO,1
Old:5,MTRO,1
Swiss:2,MTRO,1
Arsenal:1,MTRO,1
Kilburn:2,MTRO,1
Belsize:1,MTRO,1
Chalk:1,MTRO,1
Tufnell:1,MTRO,1
Kentish:2,MTRO,1
Barbican:2,MTRO,1
Shadwell:1,MTRO,1
Stockwell:1,MTRO,1
Tooting:2,MTRO,1
Hainault:1,MTRO,1
Becontree:1,MTRO,1
Brixton:6,MTRO,1
Bond,MTRO,1
Bethnal:2,MTRO,1
Mile:1,MTRO,1
Baker:1,MTRO,1
Island:1,MTRO,1
Elephant:2,MTRO,1
Castle:2,MTRO,1
Leytonstone:4,MTRO,1
Broadway:2,MTRO,1
Southfields:1,MTRO,1
Kensal:2,MTRO,1
Quays:1,MTRO,1
Tramlink,MTRO,1
Stop,MTRO,1
Avenue:0,MTRO,1
Birkbeck:0,MTRO,1
Harrington:0,MTRO,1
Arena:0,MTRO,1
Mornington:1,MTRO,1
Gloucester:1,MTRO,1
Corner:1,MTRO,1
Custom:1,MTRO,1
Newbury:1,MTRO,1
Aldgate:0,MTRO,1
DLR,MTRO,1
Walk:0,MTRO,1
Phipps,MTRO,1
Dundonald,MTRO,1
Elverson,MTRO,1
Cutty:0,MTRO,1
Sark:0,MTRO,1
Mudchute,MTRO,1
Crossharbour,MTRO,1
Heron,MTRO,1
Westferry,MTRO,1
Gateway,MTRO,1
Saints,MTRO,1
Devons,MTRO,1
Langdon,MTRO,1
Pudding,MTRO,1
Canning:0,MTRO,1
Pontoon,MTRO,1
Cyprus,MTRO,1
Gallions,MTRO,1
Blackhorse:1,MTRO,1
Caledonian:1,MTRO,1
Greenford:1,MTRO,1
Gunnersbury:1,MTRO,1
Harrow-on-the-Hill:1,MTRO,1
Moorgate:1,MTRO,1
Sisters:1,MTRO,1
Stamford:2,MTRO,1
Stonebridge:1,MTRO,1
Hale:1,MTRO,1
Alperton,MTRO,1
Archway:0,MTRO,1
Arnos,MTRO,1
Barons:0,MTRO,1
Boston:0,MTRO,1
Bounds,MTRO,1
Bromley-by-Bow,MTRO,1
Burnt:0,MTRO,1
Canada,MTRO,1
Water:0,MTRO,1
Canons:0,MTRO,1
Chancery:0,MTRO,1
Colindale:0,MTRO,1
Heathway,MTRO,1
Debden,MTRO,1
Tube,MTRO,1
Embankment:0,MTRO,1
Gants:0,MTRO,1
Golders:0,MTRO,1
Goldhawk,MTRO,1
Goodge,MTRO,1
Portland:0,MTRO,1
Hanger:0,MTRO,1
Ladbroke,MTRO,1
Latimer,MTRO,1
Leicester:0,MTRO,1
Mansion:0,MTRO,1
Crescent:0,MTRO,1
Northfields,MTRO,1
Plaistow:0,MTRO,1
Queensbury,MTRO,1
Ravenscourt,MTRO,1
Theydon:0,MTRO,1
Bois:0,MTRO,1
Bec:0,MTRO,1
Turnham,MTRO,1
Turnpike,MTRO,1
Upney,MTRO,1
Warren,MTRO,1
Westbourne,MTRO,1
Woodside:0,MTRO,1
Monument:0,MTRO,1
Star:0,MTRO,1
Station_,MTRO,1
Doclands,MTRO,1
Light,MTRO,1
Railroad,MTRO,1
River:0,STM,1
Wandle,STM,1
Thames:4,STM,1
Roding:0,STM,1
Lea:0,STM,1
Brook:3,STM,1
Beverley:1,STM,1
Tyburn,STM,1
City:1,ADM3,1
of:1,ADM3,1
Westminster:1,ADM3,1
Kensington:3,ADM3,1
Wandsworth:1,ADM3,1
London:3,ADM3,1
Tower:0,ADM3,1
Hamlets:0,ADM3,1
Thames:1,ADM3,1
Southwark:1,ADM3,1
Richmond:2,ADM3,1
Greenwich:2,ADM3,1
Newham:0,ADM3,1
Barnet:2,ADM3,1
Lewisham:1,ADM3,1
Islington:1,ADM3,1
Harrow:2,ADM3,1
Haringey:1,ADM3,1
Hammersmith:1,ADM3,1
Hackney:1,ADM3,1
Fulham:1,ADM3,1
Forest:2,ADM3,1
Enfield:2,ADM3,1
Ealing:1,ADM3,1
Dagenham:1,ADM3,1
Chelsea:1,ADM3,1
Bromley:1,ADM3,1
Brent:2,ADM3,1
Barking:2,ADM3,1
and:0,ADM3,1
Bexley:0,ADM3,1
Camden:0,ADM3,1
Royal:0,ADM3,1
Lambeth:0,ADM3,1
Merton:0,ADM3,1
Redbridge:0,ADM3,1
upon:0,ADM3,1
Waltham,ADM3,1
Railway:1,BDG,1
Westminster:5,BDG,1
Waterloo:2,BDG,1
Wandsworth:3,BDG,1
London:14,BDG,1
Twickenham:1,BDG,1
Tower:1,BDG,1
Bridge:0,BDG,1
Teddington:2,BDG,1
Southwark:3,BDG,1
Richmond:6,BDG,1
Putney:3,BDG,1
Street:3,BDG,1
Kew:1,BDG,1
Road:1,BDG,1
Hammersmith:3,BDG,1
Fulham:2,BDG,1
Lock:2,BDG,1
Court:3,BDG,1
Chiswick:2,BDG,1
Chelsea:4,BDG,1
Cannon:1,BDG,1
Blackfriars:1,BDG,1
Barnes:2,BDG,1
Lambeth:4,BDG,1
Grosvenor:1,BDG,1
Leigham:1,BDG,1
Vauxhall:2,BDG,1
Albert:1,BDG,1
Millennium:0,BDG,1
Hungerford,BDG,1
Golden:0,BDG,1
Jubilee:0,BDG,1
Bridges,BDG,1
Battersea:0,BDG,1
Footbridge:1,BDG,1
Thames:0,LOCK,1
Tidal,LOCK,1
Barrier,LOCK,1
Richmond:5,LOCK,1
Lock:1,LOCK,1
and:4,LOCK,1
Footbridge:0,LOCK,1
Stone,RDA,1
Grove:0,RDA,1
Rotherhithe:0,TNL,1
Tunnel:0,TNL,1
Park:3,PRK,1
Green:8,PRK,1
Hill:14,PRK,1
Kensington:10,PRK,1
Clapton:1,PRK,1
Heath:1,PRK,1
The:13,PRK,1
Hyde:1,PRK,1
St:12,PRK,1
Richmond:0,PRK,1
Putney:0,PRK,1
Greenwich:7,PRK,1
Lincolns,PRK,1
Inn:0,PRK,1
Fields:0,PRK,1
Kew:2,PRK,1
Gardens:2,PRK,1
Hampstead:4,PRK,1
Court:12,PRK,1
Bushy,PRK,1
Palace:7,PRK,1
Beckenham:4,PRK,1
Royal:8,PRK,1
Springfield:0,PRK,1
Valley:2,PRK,1
King:4,PRK,1
George:3,PRK,1
Radnor:1,PRK,1
Square:1,PRK,1
Marble:5,PRK,1
Place:3,PRK,1
Cleaver,PRK,1
Kennington:2,PRK,1
Peckham:0,PRK,1
Rye:0,PRK,1
James's:2,PRK,1
Regent's:0,PRK,1
Old:9,PRK,1
Battersea:5,PRK,1
Hampton:4,PRK,1
Botanic,PRK,1
Lee:3,PRK,1
Highams:2,PRK,1
Woodside:1,PRK,1
Postman's,PRK,1
Terrace:1,PRK,1
Cator,PRK,1
Olympic:0,PRK,1
Monet,PRK,1
Painted,PRK,1
Here,PRK,1
Cranmer,PRK,1
Wandworth,PRK,1
Beverley:0,PRK,1
Parks,PRK,1
Deer,PRK,1
Park:9,ST,1
Hill:9,ST,1
Victoria:8,ST,1
The:1,ST,1
Thames:3,ST,1
Lane:5,ST,1
Bush:5,ST,1
Paragon,ST,1
Oxford:2,ST,1
Circus:5,ST,1
New:6,ST,1
Lower:3,ST,1
Street:4,ST,1
Inn:2,ST,1
Road:3,ST,1
High:5,ST,1
Finchley:3,ST,1
Court:9,ST,1
Garden:5,ST,1
Cannon:3,ST,1
Bow:4,ST,1
Blackfriars:3,ST,1
Church:4,ST,1
House:8,ST,1
St.:4,ST,1
Queen:2,ST,1
College:1,ST,1
Bell:1,ST,1
Marks:2,ST,1
Angel:4,ST,1
Cavendish:1,ST,1
Piccadilly:1,ST,1
Square:4,ST,1
Hall:3,ST,1
Close:1,ST,1
Fair:1,ST,1
Wharf:5,ST,1
Place:2,ST,1
Quay:2,ST,1
03:02,ST,1
Wardrobe:1,ST,1
Browns:1,ST,1
Paul's:3,ST,1
Artillery:1,ST,1
Old:6,ST,1
Castle:3,ST,1
Cheapside,ST,1
Yard:1,ST,1
Broadway:3,ST,1
Quays:2,ST,1
Avenue:1,ST,1
Bishopsgate:2,ST,1
Corner:2,ST,1
Custom:3,ST,1
Aldgate:1,ST,1
Walk:1,ST,1
Chancery:1,ST,1
Abchurch,ST,1
Austin:1,ST,1
Friars:1,ST,1
Aldersgate:1,ST,1
Adam's,ST,1
Addle,ST,1
Albion:0,ST,1
Way,ST,1
Alderman's,ST,1
Aldermanbury,ST,1
Allhallows,ST,1
Amen,ST,1
America,ST,1
Appold,ST,1
Apothecary,ST,1
Arthur,ST,1
Artizan,ST,1
Kingdon,ST,1
Dennington,ST,1
Passage,ST,1
Ave,ST,1
Maria,ST,1
Barbon,ST,1
Alley,ST,1
Barley,ST,1
Mow,ST,1
Bartholomew,ST,1
Bartlett,ST,1
Bartletts,ST,1
Basinghall,ST,1
Bassishaw,ST,1
Highwalk,ST,1
Bear,ST,1
Bengal,ST,1
Bennet's,ST,1
Bevis,ST,1
Billiter,ST,1
Birchin,ST,1
Bishops,ST,1
Black,ST,1
Underpass,ST,1
Blomfield,ST,1
Bolt,ST,1
Booth,ST,1
Bouverie,ST,1
Churchyard,ST,1
Braidwood,ST,1
Bread,ST,1
Breams,ST,1
Buildings,ST,1
Brewers',ST,1
Brick:0,ST,1
Bride,ST,1
Bridewell,ST,1
Broad,ST,1
Broadgate,ST,1
Circle,ST,1
Broken,ST,1
Brushfield,ST,1
Bucklersbury,ST,1
Burgon,ST,1
Bury,ST,1
Byward,ST,1
Beech,ST,1
Ball,ST,1
Botolph,ST,1
Brabant,ST,1
Brackley,ST,1
Bridgewater,ST,1
Camomile,ST,1
Carey,ST,1
Carmelite,ST,1
Carter,ST,1
Carthusian,ST,1
Baynard,ST,1
Catherine,ST,1
Wheel,ST,1
Change,ST,1
Charterhouse,ST,1
Cheshire:0,ST,1
Chiswell,ST,1
Entry,ST,1
Clements,ST,1
Clerk's,ST,1
Cliffords,ST,1
Cloak,ST,1
Cloth,ST,1
Clothier,ST,1
Cobb's,ST,1
Cock,ST,1
Coleman,ST,1
Compter,ST,1
Copthall,ST,1
Corbet,ST,1
Cornhill,ST,1
Cousin,ST,1
Cowper's,ST,1
Crane:0,ST,1
Creechurch,ST,1
Creed,ST,1
Cunard,ST,1
Cursitor,ST,1
Cutler,ST,1
Grant's,ST,1
Dark,ST,1
Billingsgate:0,ST,1
Sugar,ST,1
Three,ST,1
Petty,ST,1
Wales,ST,1
Andrews,ST,1
Playhouse,ST,1
Ireland,ST,1
Friar,ST,1
Terrace:0,ST,1
Pilgrim,ST,1
Waithman,ST,1
Ludgate:0,ST,1
Pageantmaster,ST,1
Deans,ST,1
Knightrider,ST,1
Sermon,ST,1
Peter's:0,ST,1
Godliman,ST,1
Distaff,ST,1
Fish:0,ST,1
Friday,ST,1
Adamson,ST,1
Rd_,ST,1
NW,ST,1
Margaret,PT,1
Ness,PT,1
Barking:0,PT,1
Point:0,PT,1
London:2,PPLC,1
Stanmore:1,PRSH,1
Little,PRSH,1
Great:0,PRSH,1
Green:7,AREA,1
of:10,AREA,1
London:4,AREA,1
Twickenham:3,AREA,1
Vale:4,AREA,1
Greater:0,AREA,1
Kingston:5,AREA,1
Docklands:1,AREA,1
Whitehall:0,AREA,1
Isle,AREA,1
Dogs,AREA,1
London:5,ADM2,1
Greater:1,ADM2,1
Forest:1,FRST,1
Epping:0,FRST,1
Kensington:8,PAL,1
Kew:5,PAL,1
Court:10,PAL,1
Buckingham:0,PAL,1
Palace:0,PAL,1
Hampton:2,PAL,1
Blackwall:0,RCH,1
Reach:0,RCH,1
Blackfen,LCTY,1
Railway:3,RSTNQ,1
Station:2,RSTNQ,1
Underground:1,RSTNQ,1
Silvertown:2,RSTNQ,1
Cross:7,RSTNQ,1
Street:10,RSTNQ,1
King's:2,RSTNQ,1
Aldwych:0,RSTNQ,1
Thameslink:1,RSTNQ,1
Down:1,RSTNQ,1
City:8,CH,1
of:11,CH,1
Westminster:4,CH,1
The:6,CH,1
St:1,CH,1
John's:1,CH,1
New:7,CH,1
Malden:3,CH,1
Holborn:1,CH,1
and:6,CH,1
Thomas,CH,1
Church:0,CH,1
Mary:4,CH,1
St.:2,CH,1
King:3,CH,1
Free:1,CH,1
James:2,CH,1
Wharf:4,CH,1
Abbey:1,CH,1
Paul's:0,CH,1
Cathedral:0,CH,1
All:2,CH,1
Temple:0,CH,1
Bride's,CH,1
Andrew_,CH,1
Leytonstone:1,CH,1
United:0,CH,1
Elim,CH,1
Pentecostal,CH,1
Methodist,CH,1
Hallows-by-the-Tower,CH,1
Hallows-on-the-Wall,CH,1
Hallows,CH,1
Staining,CH,1
Dutch,CH,1
Church_,CH,1
Austin:0,CH,1
Friars:0,CH,1
Andrew-by-the-Wardrobe,CH,1
Andrew,CH,1
Undershaft,CH,1
Anne,CH,1
Agnes,CH,1
Bartholomew-the-Great,CH,1
Bartholomew-the-Less,CH,1
Benet,CH,1
Botolph's,CH,1
Aldersgate:0,CH,1
Botolph-without-Bishopsgate,CH,1
Clement,CH,1
Eastcheap,CH,1
Dunstan-in-the-West,CH,1
Edmund_,CH,1
Martyr,CH,1
Giles-without-Cripplegate,CH,1
Peter's:1,CH,1
Testament,CH,1
God,CH,1
Josephs,CH,1
Catholic,CH,1
Reformed,CH,1
Baptist,CH,1
Magdalene,CH,1
Mary's,CH,1
of:2,CSTL,1
London:6,CSTL,1
Tower:2,CSTL,1
The:2,CSTL,1
St:2,CSTL,1
Ilford:1,CSTL,1
Great:1,CSTL,1
Cray:1,CSTL,1
Bow:1,CSTL,1
Mary:0,CSTL,1
Mount:0,CSTL,1
Lavender,CSTL,1
Green:9,TOWR,1
Station:7,TOWR,1
Tower:6,TOWR,1
Bridge:5,TOWR,1
St:7,TOWR,1
Street:8,TOWR,1
Lea:1,TOWR,1
Road:9,TOWR,1
Chingford:3,TOWR,1
Palace:1,TOWR,1
Bow:5,TOWR,1
Lambeth:1,TOWR,1
03:01,TOWR,1
02:01,TOWR,1
01:01,TOWR,1
Alban,TOWR,1
Augustine_,TOWR,1
Watling,TOWR,1
04:01,TOWR,1
Chrystal,TOWR,1
Transmitting,TOWR,1
BT,TOWR,1
Croydon:0,TOWR,1
Mediumwave,TOWR,1
Transmitter,TOWR,1
Saffron,TOWR,1
Transmitter_,TOWR,1
Mast,TOWR,1
Park:10,STDM,1
Wembley:3,STDM,1
London:22,STDM,1
Bridge:4,STDM,1
The:3,STDM,1
Lane:1,STDM,1
Barnet:3,STDM,1
Road:8,STDM,1
Fulham:4,STDM,1
Chelsea:5,STDM,1
and:2,STDM,1
Craven:0,STDM,1
Cottage:0,STDM,1
Emirates,STDM,1
Stadium:0,STDM,1
White:0,STDM,1
Hart:0,STDM,1
Valley:0,STDM,1
Boleyn,STDM,1
Ground:0,STDM,1
Centre:6,STDM,1
Club:1,STDM,1
Manor:3,STDM,1
Village:1,STDM,1
View:2,STDM,1
Oval:0,STDM,1
Lord's,STDM,1
Cricket:0,STDM,1
Brit,STDM,1
All:0,STDM,1
England:0,STDM,1
Lawn,STDM,1
Tennis,STDM,1
Croquet,STDM,1
Arsenal:0,STDM,1
O2,STDM,1
Arena:1,STDM,1
Selhurst:1,STDM,1
Stamford:1,STDM,1
Water:1,STDM,1
Kingsmeadow,STDM,1
Underhill,STDM,1
Griffin:0,STDM,1
Brisbane,STDM,1
Den,STDM,1
Loftus,STDM,1
Olympic:1,STDM,1
Aquatics,STDM,1
Handball,STDM,1
Velopark,STDM,1
Basketball,STDM,1
Eton,STDM,1
Polo,STDM,1
Hockey,STDM,1
BMX,STDM,1
Track,STDM,1
Cottage_,STDM,1
Football:0,STDM,1
Bridge_,STDM,1
Park:4,HSP,1
Willesden:2,HSP,1
Whitechapel:1,HSP,1
West:4,HSP,1
Westminster:2,HSP,1
Kensington:4,HSP,1
Brompton:1,HSP,1
London:7,HSP,1
Victoria:2,HSP,1
Upton:1,HSP,1
Heath:2,HSP,1
The:4,HSP,1
Teddington:1,HSP,1
South:2,HSP,1
Kings:1,HSP,1
St:3,HSP,1
Roehampton:1,HSP,1
Richmond:3,HSP,1
North:4,HSP,1
New:2,HSP,1
Newham:1,HSP,1
Cross:3,HSP,1
Barnet:4,HSP,1
Street:1,HSP,1
Lewisham:2,HSP,1
Haringey:2,HSP,1
Hampstead:1,HSP,1
Hammersmith:2,HSP,1
Great:2,HSP,1
Goodmayes:1,HSP,1
Finchley:2,HSP,1
Enfield:3,HSP,1
Edgware:1,HSP,1
Ealing:2,HSP,1
Garden:1,HSP,1
Chelsea:2,HSP,1
Barnes:1,HSP,1
Barking:3,HSP,1
Royal:1,HSP,1
Lambeth:2,HSP,1
Memorial:0,HSP,1
Hospital,HSP,1
Hounslow,HSP,1
&:0,HSP,1
Spelthorne,HSP,1
Community:0,HSP,1
Mental,HSP,1
Health,HSP,1
NHS,HSP,1
Trust,HSP,1
Johns:0,HSP,1
Amyand,HSP,1
House:0,HSP,1
Coombe,HSP,1
Wing,HSP,1
Private,HSP,1
Patients,HSP,1
Unit,HSP,1
Kingston:0,HSP,1
St.:0,HSP,1
Georges:0,HSP,1
Centre:0,HSP,1
for,HSP,1
Fertility,HSP,1
Womens,HSP,1
Priory,HSP,1
Rehabilitation,HSP,1
Queen:0,HSP,1
Marys,HSP,1
Parkside,HSP,1
Haberdashers,HSP,1
Medical:0,HSP,1
School:0,HSP,1
Bolingbroke,HSP,1
British:0,HSP,1
Home:0,HSP,1
For,HSP,1
Incurables,HSP,1
Sloane:0,HSP,1
Lister,HSP,1
Lamberth,HSP,1
Pulross,HSP,1
Intermediate,HSP,1
Care,HSP,1
College:0,HSP,1
Giles:0,HSP,1
Aylesbury,HSP,1
Healthy,HSP,1
Living:0,HSP,1
Network,HSP,1
Speedwell,HSP,1
University:0,HSP,1
Of:0,HSP,1
N:0,HSP,1
Cygnet,HSP,1
Blackheath:0,HSP,1
Elizabeth:0,HSP,1
Cambian,HSP,1
Healthcare,HSP,1
Ltd:0,HSP,1
Primary,HSP,1
Cromwell:0,HSP,1
Bell:0,HSP,1
Dr:0,HSP,1
G,HSP,1
Clementine,HSP,1
Churchill:0,HSP,1
Northwick:0,HSP,1
Marks:0,HSP,1
Central:0,HSP,1
Middlesex:0,HSP,1
Day,HSP,1
Capio,HSP,1
Nightingale,HSP,1
Princess:0,HSP,1
Grace,HSP,1
Devonshire,HSP,1
King:0,HSP,1
Edward:0,HSP,1
VIIs,HSP,1
Sister,HSP,1
Agnus,HSP,1
Heart,HSP,1
Welbeck,HSP,1
Harley,HSP,1
Clinic,HSP,1
Admiral,HSP,1
Nurse,HSP,1
Service:0,HSP,1
John:0,HSP,1
Wellington:0,HSP,1
Free:0,HSP,1
National:0,HSP,1
Orthopaedic,HSP,1
Homoeopathic,HSP,1
Lukes,HSP,1
Clergy,HSP,1
Foot,HSP,1
Whittington,HSP,1
Garrett,HSP,1
Anderson,HSP,1
Women,HSP,1
Disability,HSP,1
Foundation,HSP,1
General:0,HSP,1
Audit,HSP,1
International:0,HSP,1
Neurology,HSP,1
Neuro,HSP,1
Surgery,HSP,1
Ormond,HSP,1
Children's,HSP,1
Hospital-,HSP,1
Guys,HSP,1
Thomass,HSP,1
Barts,HSP,1
Davis,HSP,1
Anthony,HSP,1
Dermatology,HSP,1
Throat,HSP,1
Nose,HSP,1
Ear,HSP,1
Eastman,HSP,1
Dental,HSP,1
Institute:0,HSP,1
Moorfields,HSP,1
Eye:0,HSP,1
Homerton:0,HSP,1
Thorpe,HSP,1
Whipps,HSP,1
Independent,HSP,1
Galleon,HSP,1
Heronwood,HSP,1
Mellmead,HSP,1
George:0,HSP,1
Chadwell:0,HSP,1
Holly:0,HSP,1
Fairfield,HSP,1
Hospitals,HSP,1
Oak:0,HSP,1
Chase:0,HSP,1
Farm:0,HSP,1
Chest,HSP,1
Greenwich:3,OBS,1
King's:4,OBS,1
Royal:2,OBS,1
Observatory,OBS,1
City:2,AIRP,1
London:8,AIRP,1
Elstree:4,AIRP,1
Airport:0,AIRP,1
Airfield,AIRP,1
London:9,STNM,1
Centre:1,STNM,1
Weather,STNM,1
Park:5,HTL,1
Woolwich:6,HTL,1
Green:4,HTL,1
Woodford:3,HTL,1
Hill:3,HTL,1
Wimbledon:9,HTL,1
Willesden:7,HTL,1
Whitechapel:3,HTL,1
West:5,HTL,1
City:3,HTL,1
of:12,HTL,1
Westminster:3,HTL,1
Kensington:5,HTL,1
Ham:5,HTL,1
Brompton:4,HTL,1
Wembley:2,HTL,1
Waterloo:1,HTL,1
Wandsworth:2,HTL,1
River:1,HTL,1
London:10,HTL,1
Victoria:3,HTL,1
Tower:3,HTL,1
Bridge:2,HTL,1
The:5,HTL,1
Hyde:2,HTL,1
Thames:5,HTL,1
Syon:2,HTL,1
Lane:2,HTL,1
Stratford:4,HTL,1
Grove:5,HTL,1
Southwark:2,HTL,1
South:3,HTL,1
Shoreditch:1,HTL,1
Shepherds:1,HTL,1
Bush:1,HTL,1
Kings:2,HTL,1
Saint:1,HTL,1
Pancras:3,HTL,1
St:4,HTL,1
Richmond:4,HTL,1
Putney:2,HTL,1
End:5,HTL,1
Palmers:2,HTL,1
Paddington:1,HTL,1
Oxford:1,HTL,1
Circus:1,HTL,1
Notting:3,HTL,1
North:5,HTL,1
Greenwich:4,HTL,1
Acton:3,HTL,1
New:3,HTL,1
Cross:4,HTL,1
Mayfair:1,HTL,1
Marylebone:1,HTL,1
Maida:2,HTL,1
Vale:3,HTL,1
Liverpool:2,HTL,1
Street:2,HTL,1
Inn:1,HTL,1
Limehouse:1,HTL,1
Leyton:3,HTL,1
Gardens:1,HTL,1
Kenton:1,HTL,1
Islington:2,HTL,1
Ilford:3,HTL,1
Hoxton:1,HTL,1
Road:11,HTL,1
Holborn:3,HTL,1
Highbury:3,HTL,1
High:1,HTL,1
Harrow:3,HTL,1
the:2,HTL,1
Hampstead:2,HTL,1
Hammersmith:4,HTL,1
Hackney:4,HTL,1
Great:3,HTL,1
Greater:2,HTL,1
Forest:5,HTL,1
Finsbury:1,HTL,1
Euston:3,HTL,1
Epping:2,HTL,1
Enfield:5,HTL,1
Lock:3,HTL,1
Town:2,HTL,1
Elstree:1,HTL,1
Edgware:3,HTL,1
East:3,HTL,1
Earl's:1,HTL,1
Court:2,HTL,1
Earls:1,HTL,1
Ealing:3,HTL,1
Covent:1,HTL,1
Garden:2,HTL,1
Clapham:1,HTL,1
Chiswick:1,HTL,1
Chingford:2,HTL,1
Chigwell:3,HTL,1
Chelsea:3,HTL,1
Charing:2,HTL,1
Buckingham:1,HTL,1
Palace:2,HTL,1
Bromley:2,HTL,1
Brent:3,HTL,1
Brentford:1,HTL,1
Bow:2,HTL,1
Borehamwood:3,HTL,1
Bloomsbury:1,HTL,1
Blackfriars:4,HTL,1
Bermondsey:4,HTL,1
Barking:4,HTL,1
Point:1,HTL,1
Aldwych:1,HTL,1
and:1,HTL,1
Camden:2,HTL,1
Royal:3,HTL,1
Church:1,HTL,1
Mary:3,HTL,1
Craven:1,HTL,1
Cottage:3,HTL,1
Stadium:3,HTL,1
White:1,HTL,1
Hart:2,HTL,1
&:1,HTL,1
Johns:1,HTL,1
House:1,HTL,1
Kingston:2,HTL,1
St.:1,HTL,1
Georges:1,HTL,1
Centre:7,HTL,1
Queen:3,HTL,1
Home:1,HTL,1
Sloane:1,HTL,1
College:5,HTL,1
Giles:1,HTL,1
Living:1,HTL,1
Of:1,HTL,1
N:1,HTL,1
Elizabeth:1,HTL,1
Cromwell:1,HTL,1
Churchill:1,HTL,1
Marks:1,HTL,1
Central:1,HTL,1
Princess:1,HTL,1
King:1,HTL,1
Edward:1,HTL,1
Service:1,HTL,1
John:1,HTL,1
Wellington:1,HTL,1
National:1,HTL,1
International:1,HTL,1
Eye:2,HTL,1
George:1,HTL,1
Holly:1,HTL,1
Airport:2,HTL,1
Premier,HTL,1
Connaught:0,HTL,1
Hazlitts,HTL,1
Hotel:0,HTL,1
Lodge:0,HTL,1
Georgian,HTL,1
Bower,HTL,1
Best,HTL,1
Western,HTL,1
Suites,HTL,1
Westbury,HTL,1
Liongate,HTL,1
Ascot,HTL,1
K,HTL,1
Club:0,HTL,1
Quarters,HTL,1
Pauls,HTL,1
Oliver,HTL,1
Hilton,HTL,1
Angel:0,HTL,1
Manor:0,HTL,1
Blair,HTL,1
Tudor:0,HTL,1
Four,HTL,1
Seasons,HTL,1
Shaftesbury,HTL,1
Abcone,HTL,1
-:0,HTL,1
HSD,HTL,1
Savoy_,HTL,1
Fairmont,HTL,1
Berkeley,HTL,1
Hogarth,HTL,1
Claridge's,HTL,1
Derby,HTL,1
Athenaeum,HTL,1
Apartments,HTL,1
Rookery_,HTL,1
1764,HTL,1
Mayflower,HTL,1
Belgrave:0,HTL,1
County,HTL,1
Sheraton,HTL,1
Cavendish:0,HTL,1
James:0,HTL,1
Rushmore,HTL,1
Gresham,HTL,1
Thistle,HTL,1
Grand,HTL,1
Royale,HTL,1
Piccadilly:0,HTL,1
Backpackers,HTL,1
Lily,HTL,1
Travel,HTL,1
Somerset:0,HTL,1
Roland,HTL,1
Jurys,HTL,1
Clifton,HTL,1
Ford,HTL,1
Russell:0,HTL,1
DoubleTree,HTL,1
by,HTL,1
Docklands:0,HTL,1
Riverside:0,HTL,1
Crown:0,HTL,1
Clarendon,HTL,1
Euro,HTL,1
Gate:0,HTL,1
Comfort,HTL,1
Bayswater:0,HTL,1
Wake,HTL,1
Up,HTL,1
Grosvenor:0,HTL,1
Ambassador,HTL,1
Leonard,HTL,1
Edwardian,HTL,1
Rose,HTL,1
Lowndes,HTL,1
Rydges,HTL,1
Plaza:0,HTL,1
Novotel,HTL,1
Shakespeare:0,HTL,1
Holiday,HTL,1
Ambassadors,HTL,1
In,HTL,1
Adare,HTL,1
Concorde,HTL,1
X,HTL,1
Gainsborough,HTL,1
Queen's:0,HTL,1
at,HTL,1
Leigham:0,HTL,1
Niki,HTL,1
Cloisters,HTL,1
Radnor:0,HTL,1
Mercure,HTL,1
Bankside,HTL,1
Marriott,HTL,1
Square:0,HTL,1
Grange:0,HTL,1
Strathmore,HTL,1
Mandeville,HTL,1
Alexandra:0,HTL,1
Riverbank,HTL,1
Avni,HTL,1
Huttons,HTL,1
Sherlock:0,HTL,1
Holmes:0,HTL,1
Cumberland,HTL,1
Hour,HTL,1
Glass,HTL,1
Kyriad,HTL,1
Landmark,HTL,1
Metropole,HTL,1
Mews,HTL,1
Globetrotter,HTL,1
Hostel,HTL,1
Capital,HTL,1
Kenilworth,HTL,1
Conrad,HTL,1
Chrysos,HTL,1
Marble:0,HTL,1
Arch:0,HTL,1
Goring,HTL,1
51,HTL,1
Lords,HTL,1
Trafalgar:0,HTL,1
London_,HTL,1
Curio,HTL,1
Collection:0,HTL,1
Columbia,HTL,1
Mitre:0,HTL,1
Selfridge,HTL,1
Stars,HTL,1
Enrico,HTL,1
Gallery:0,HTL,1
Luna,HTL,1
Simone,HTL,1
Corona,HTL,1
Forum,HTL,1
Crowne,HTL,1
Olympia:0,HTL,1
Rasool,HTL,1
Carlton,HTL,1
Americana,HTL,1
Blakemore,HTL,1
Villa,HTL,1
Danubius,HTL,1
Regents,HTL,1
Lancaster:0,HTL,1
Regent:0,HTL,1
Kingsway,HTL,1
Sleeping,HTL,1
Beauty:0,HTL,1
Seymour,HTL,1
Mandarin,HTL,1
Oriental,HTL,1
Express,HTL,1
Docks:0,HTL,1
By,HTL,1
Days,HTL,1
Vencourt,HTL,1
Vauxhall:0,HTL,1
K+K,HTL,1
Moat,HTL,1
Elysees,HTL,1
Montcalm,HTL,1
Ritz,HTL,1
Dawn,HTL,1
Queensway:0,HTL,1
Sundial,HTL,1
65,HTL,1
Annex,HTL,1
Ifor,HTL,1
Evans,HTL,1
Hall:0,HTL,1
Ramada,HTL,1
Close:0,HTL,1
Tavistock,HTL,1
Radisson,HTL,1
Quarters_,HTL,1
Gracechurch,HTL,1
Stuart,HTL,1
President,HTL,1
Belgravia:0,HTL,1
George's:0,HTL,1
Fox,HTL,1
Goose,HTL,1
Mowbray,HTL,1
Milestone,HTL,1
Towerbridge,HTL,1
Eagle,HTL,1
Princes,HTL,1
Crestfield,HTL,1
Chamberlain,HTL,1
Fitzrovia:0,HTL,1
Queens:0,HTL,1
Ibis,HTL,1
Pavilion,HTL,1
Travelodge,HTL,1
Fairways,HTL,1
Guilford,HTL,1
Halkin,HTL,1
Dolphin,HTL,1
Bedford,HTL,1
Imperial:0,HTL,1
Mountbatten,HTL,1
Cambridge:0,HTL,1
Swissotel,HTL,1
Howard,HTL,1
Howard-Junior,HTL,1
Generator,HTL,1
Moran,HTL,1
Belvedere,HTL,1
Brown's,HTL,1
Colonnade,HTL,1
a,HTL,1
Summit,HTL,1
Guards:0,HTL,1
Metropolitan,HTL,1
Wedgewood,HTL,1
Airways,HTL,1
Leisure,HTL,1
Curzon,HTL,1
Hanover:0,HTL,1
Hyatt,HTL,1
Regency:0,HTL,1
Pelham,HTL,1
Barkston,HTL,1
Durley,HTL,1
Stein,HTL,1
Hotels,HTL,1
Two,HTL,1
Berners,HTL,1
Prince:0,HTL,1
William:0,HTL,1
Rathbone,HTL,1
Britannia:0,HTL,1
Berkshire,HTL,1
Langham,HTL,1
Majestic,HTL,1
Caesar,HTL,1
Astor,HTL,1
47,HTL,1
Residence,HTL,1
Waldorf,HTL,1
Hilton_,HTL,1
Le,HTL,1
Meridien,HTL,1
Guoman,HTL,1
former,HTL,1
Montague,HTL,1
On,HTL,1
Enterprise,HTL,1
Gore_,HTL,1
1892,HTL,1
Horseguards,HTL,1
myhotel,HTL,1
Baglioni,HTL,1
May,HTL,1
Fair:0,HTL,1
Christopher's,HTL,1
Shepherd's:0,HTL,1
Grainstore,HTL,1
Village:0,HTL,1
Durrants,HTL,1
York:0,HTL,1
Yardley,HTL,1
Clarion,HTL,1
Canary:0,HTL,1
Wharf:0,HTL,1
Fraser,HTL,1
Place:0,HTL,1
Mad,HTL,1
Hatter,HTL,1
Corbigoe,HTL,1
Soho:0,HTL,1
Farringdon:0,HTL,1
India:0,HTL,1
Quay:0,HTL,1
Exhibition:0,HTL,1
03:00,HTL,1
ExCel:0,HTL,1
My,HTL,1
M1:0,HTL,1
Quality,HTL,1
Arriva,HTL,1
La,HTL,1
Reserve:0,HTL,1
Country,HTL,1
Haymarket:0,HTL,1
Avonmore,HTL,1
Collingham,HTL,1
Woodley,HTL,1
Oakwood:0,HTL,1
At,HTL,1
Number,HTL,1
Sixteen,HTL,1
Fifty,HTL,1
Boutique,HTL,1
Luke,HTL,1
Kingway,HTL,1
Bridgestreet,HTL,1
Wardrobe:0,HTL,1
Lc,HTL,1
Lanesborough,HTL,1
Regis,HTL,1
Montana,HTL,1
Tophams,HTL,1
22,HTL,1
Jermyn,HTL,1
De,HTL,1
Vere,HTL,1
Bath,HTL,1
Delmere,HTL,1
Falstaff,HTL,1
Corus,HTL,1
5,HTL,1
Maddox,HTL,1
Dukes,HTL,1
Stafford,HTL,1
Forty,HTL,1
One,HTL,1
Rocco,HTL,1
Forte,HTL,1
Browns:0,HTL,1
Charlotte,HTL,1
Eleven,HTL,1
Cadogan,HTL,1
Petersham:0,HTL,1
Top,HTL,1
Apartment,HTL,1
Warwick:0,HTL,1
Grims,HTL,1
Dyke,HTL,1
Blandford,HTL,1
Lon,HTL,1
Lonsdale,HTL,1
Franklin:0,HTL,1
Egerton,HTL,1
San,HTL,1
Domenico,HTL,1
Cranley,HTL,1
Towers,HTL,1
Htl,HTL,1
Dorchester,HTL,1
Thirty,HTL,1
Queensgate,HTL,1
Ap,HTL,1
Cp,HTL,1
Int,HTL,1
Pastoria,HTL,1
Washington,HTL,1
Atel,HTL,1
Gaffe,HTL,1
Knightsbridge:0,HTL,1
Levin,HTL,1
No,HTL,1
Providence,HTL,1
Athans,HTL,1
Townhouse,HTL,1
Colliers:0,HTL,1
Albro,HTL,1
Ruislip,HTL,1
Opulence,HTL,1
Courtfield,HTL,1
Ramsees,HTL,1
Rosedene,HTL,1
Holburn,HTL,1
13,HTL,1
Half,HTL,1
Moon,HTL,1
Gatwick,HTL,1
Egrinstead,HTL,1
Tr,HTL,1
Suite,HTL,1
Executive,HTL,1
Brindle,HTL,1
Ebury,HTL,1
32,HTL,1
Excel,HTL,1
Pepys,HTL,1
Arcantis,HTL,1
Edge,HTL,1
Abbey:0,HTL,1
Hare,HTL,1
And:0,HTL,1
Hounds,HTL,1
Bw,HTL,1
View:0,HTL,1
Peckham:4,HTL,1
Brook:2,HTL,1
Holland:1,HTL,1
All:3,HTL,1
Temple:3,HTL,1
Borough:2,HTL,1
Market:2,HTL,1
Hotel_,HTL,1
Regent's:2,HTL,1
Whitehall:2,HTL,1
Room:1,HTL,1
Old:8,HTL,1
Rooms:1,HTL,1
Millennium:1,HTL,1
Swiss:3,HTL,1
Re:1,HTL,1
Golden:1,HTL,1
Jubilee:1,HTL,1
Battersea:4,HTL,1
Hampton:3,HTL,1
Strand:1,HTL,1
Apollo:1,HTL,1
Belsize:2,HTL,1
Barbican:1,HTL,1
Nine:1,HTL,1
Elms:1,HTL,1
Bethnal:3,HTL,1
United:1,HTL,1
Post:1,HTL,1
02:02,HTL,1
Yard:2,HTL,1
Harrington:1,HTL,1
196,HTL,1
Bishopsgate:0,HTL,1
Ashburn,HTL,1
Eden,HTL,1
Troy,HTL,1
Duke:0,HTL,1
Leinster,HTL,1
Cleveland,HTL,1
Brunel,HTL,1
Staunton,HTL,1
Reem,HTL,1
Solomon,HTL,1
Henry,HTL,1
VIII,HTL,1
Continental,HTL,1
Serviced,HTL,1
Norfolk,HTL,1
Phoenix,HTL,1
Think,HTL,1
01:00,HTL,1
Lexham,HTL,1
54,HTL,1
Andaz,HTL,1
Apex,HTL,1
Ashley,HTL,1
Athena,HTL,1
Bentley,HTL,1
Berjaya,HTL,1
Mornington:0,HTL,1
Burns,HTL,1
Chesterfield,HTL,1
Citadines,HTL,1
Copthorne,HTL,1
Tara,HTL,1
hotel,HTL,1
Courthouse,HTL,1
Kempinski,HTL,1
Bailey's,HTL,1
Gloucester:0,HTL,1
Nayland,HTL,1
NH,HTL,1
Parkcity,HTL,1
Rubens,HTL,1
Sanderson,HTL,1
UK:0,HTL,1
Sidney,HTL,1
London-Victoria,HTL,1
Mark,HTL,1
Flemings,HTL,1
Glynne,HTL,1
Hempel,HTL,1
Ermin’s,HTL,1
Grafton,HTL,1
Corner:0,HTL,1
Custom:0,HTL,1
Dorset,HTL,1
in,HTL,1
Newbury:0,HTL,1
Spa:0,HTL,1
Pembury,HTL,1
Vanderbilt,HTL,1
Raglan,HTL,1
Encore,HTL,1
SACO,HTL,1
Georgio,HTL,1
Viking,HTL,1
Commodore,HTL,1
Level,HTL,1
Melia,HTL,1
Linden,HTL,1
Hampshire,HTL,1
Marlborough,HTL,1
Sussex,HTL,1
Blue,HTL,1
Portman,HTL,1
Martins,HTL,1
Kingsley,HTL,1
Portobello:1,HTL,1
Academy:1,HTL,1
Aldgate:2,HTL,1
Walk:2,HTL,1
Crofton:2,HTL,1
Osterley,HTL,1
Caledonian:2,HTL,1
Boston:1,HTL,1
Chancery:2,HTL,1
Golders:2,HTL,1
Portland:1,HTL,1
Hanger:1,HTL,1
Leicester:1,HTL,1
Mansion:1,HTL,1
Crescent:1,HTL,1
Monument:2,HTL,1
Wall:1,HTL,1
admiral,HTL,1
avni,HTL,1
harrington,HTL,1
base2stay,HTL,1
Beaconsfield,HTL,1
best,HTL,1
western,HTL,1
boltons,HTL,1
cumberland,HTL,1
beverley,HTL,1
city,HTL,1
byron,HTL,1
central,HTL,1
house,HTL,1
comfort,HTL,1
finchley,HTL,1
inn,HTL,1
edgware,HTL,1
road,HTL,1
notting,HTL,1
hill,HTL,1
copthorne,HTL,1
chelsea,HTL,1
club,HTL,1
crowne,HTL,1
plaza,HTL,1
ealing,HTL,1
kensington,HTL,1
days,HTL,1
westminster,HTL,1
shoreditch,HTL,1
Albion:1,HTL,1
dolphin,HTL,1
ebhi,HTL,1
stratford,HTL,1
korean,HTL,1
euro,HTL,1
clapham,HTL,1
europa,HTL,1
exhibition,HTL,1
court,HTL,1
04:00,HTL,1
express,HTL,1
holiday,HTL,1
londres,HTL,1
wimbledon,HTL,1
sur,HTL,1
forest,HTL,1
gate,HTL,1
hallam,HTL,1
hendon,HTL,1
hall,HTL,1
kingston,HTL,1
south,HTL,1
ibis,HTL,1
excel,HTL,1
london,HTL,1
elstree,HTL,1
indigo,HTL,1
west,HTL,1
lancaster,HTL,1
langorf,HTL,1
linden,HTL,1
apartment,HTL,1
malmaison,HTL,1
marriott,HTL,1
maida,HTL,1
vale,HTL,1
megaro,HTL,1
menzies,HTL,1
prince,HTL,1
regent,HTL,1
Brick:2,HTL,1
Cheshire:1,HTL,1
novotel,HTL,1
paddington,HTL,1
st,HTL,1
pancras,HTL,1
palm,HTL,1
ramada,HTL,1
renaissance,HTL,1
chancery,HTL,1
saint,HTL,1
gregory,HTL,1
shaftesbury,HTL,1
metropolis,HTL,1
hyde,HTL,1
park,HTL,1
Shelton,HTL,1
so,HTL,1
quartier,HTL,1
sienna,HTL,1
sofitel,HTL,1
james,HTL,1
space,HTL,1
s,HTL,1
deluxe,HTL,1
bloomsbury,HTL,1
marylebone,HTL,1
trinity,HTL,1
umi,HTL,1
waverley,HTL,1
wyndham,HTL,1
grand,HTL,1
youth,HTL,1
hostel,HTL,1
Croydon:1,HTL,1
Bed,HTL,1
Breakfast:0,HTL,1
Griffin:1,HTL,1
Charlies,HTL,1
Olympic:2,HTL,1
Parade:1,HTL,1
H10,HTL,1
Star:1,HTL,1
Empire:1,HTL,1
Superior:1,HTL,1
Football:1,HTL,1
BMR,HTL,1
10,HTL,1
Pembridge,HTL,1
Access,HTL,1
Shepards,HTL,1
Adria,HTL,1
Aparthotel,HTL,1
Arinza,HTL,1
Ascott,HTL,1
Astors,HTL,1
Belgraves,HTL,1
Thompson,HTL,1
Maitrise,HTL,1
41,HTL,1
Aloft,HTL,1
Anthea,HTL,1
Makedonia,HTL,1
Plus,HTL,1
Seraphine,HTL,1
Ha,HTL,1
Hot,HTL,1
Blades,HTL,1
B&B,HTL,1
Cafe:0,HTL,1
Cannizaro,HTL,1
Clink,HTL,1
261,HTL,1
78,HTL,1
St.Pancras,HTL,1
Corinthia,HTL,1
Cranbrook,HTL,1
Cranford,HTL,1
Dorsett,HTL,1
Doubletree,HTL,1
Draycott,HTL,1
Dreamhouse,HTL,1
Eccleston,HTL,1
Elmwood,HTL,1
London-Golders,HTL,1
London-Swiss,HTL,1
Falcon,HTL,1
Go,HTL,1
Native,HTL,1
Harbour,HTL,1
Residences,HTL,1
Mayfair-London,HTL,1
Rochester,HTL,1
Grenville,HTL,1
Jumeirah,HTL,1
Hillspring,HTL,1
Commercial,HTL,1
Wimbledon-South,HTL,1
Caledoninan,HTL,1
Hostal,HTL,1
Equity,HTL,1
Indigo,HTL,1
California,HTL,1
Wellesley,HTL,1
Z,HTL,1
Joseph,HTL,1
Verta,HTL,1
Xenia,HTL,1
Economy,HTL,1
Styles,HTL,1
Halls,HTL,1
Basílica,HTL,1
George'S,HTL,1
Lemon,HTL,1
Lindal,HTL,1
Edition,HTL,1
Twickenh,HTL,1
Stay,HTL,1
Lord,HTL,1
Jim,HTL,1
Me,HTL,1
Watford,HTL,1
Mina,HTL,1
Minotel,HTL,1
Wigmore,HTL,1
Brewery,HTL,1
Morgan,HTL,1
Eaton,HTL,1
No.11,HTL,1
June,HTL,1
Orchard,HTL,1
Edgewarebury,HTL,1
Jade,HTL,1
Dome,HTL,1
Ship,HTL,1
Pillar,HTL,1
Rembrandt,HTL,1
Pestana,HTL,1
@,HTL,1
Wilesden,HTL,1
Victor,HTL,1
Presidential,HTL,1
Westbridge,HTL,1
Thewesley,HTL,1
Threadneedles.,HTL,1
Autograph,HTL,1
Tommy,HTL,1
Miah,HTL,1
Laura,HTL,1
Blu,HTL,1
Scot,HTL,1
Mercer,HTL,1
Rafayel,HTL,1
Tune,HTL,1
W,HTL,1
W12,HTL,1
W14,HTL,1
Waterside,HTL,1
Renaissance,HTL,1
Rest,HTL,1
Westland,HTL,1
Rossmore,HTL,1
Chace,HTL,1
Ruskin,HTL,1
Saco,HTL,1
Sanctum,HTL,1
Sara,HTL,1
Paul'S,HTL,1
Staybridge,HTL,1
Shangri,HTL,1
Shard:0,HTL,1
Smart,HTL,1
Sq,HTL,1
Ampersand,HTL,1
So,HTL,1
Beauchamp,HTL,1
Deluxe,HTL,1
Beaufort,HTL,1
Court.,HTL,1
Taj,HTL,1
Caswell,HTL,1
Blooms,HTL,1
ACE,HTL,1
Banks,HTL,1
Aston,HTL,1
Tea:1,HTL,1
Synergy,HTL,1
Samui,HTL,1
Intercontinental,HTL,1
House_,HTL,1
Jw,HTL,1
London-Wimbledon-South,HTL,1
Prem,HTL,1
Edgwarebury,HTL,1
M25,HTL,1
Jct23,HTL,1
Bayswater/Shakespeare,HTL,1
Prestige,HTL,1
Holborn-Covent,HTL,1
Marriott-47,HTL,1
Champagne,HTL,1
Afternoon,HTL,1
Sheriff,HTL,1
Fitzroy,HTL,1
Amber,HTL,1
Purple,HTL,1
Willett,HTL,1
St.Paul's,HTL,1
Ten,HTL,1
Manchester,HTL,1
London-Par,HTL,1
Bells,HTL,1
Rosewood:0,HTL,1
Base,HTL,1
Chilworth,HTL,1
Costello,HTL,1
Marlin,HTL,1
Londinium,HTL,1
Castleton,HTL,1
/,HTL,1
Gate_,HTL,1
Sky,HTL,1
Henley,HTL,1
Eighth,HTL,1
Trebovir,HTL,1
Aquarius,HTL,1
Beit,HTL,1
Woodberry,HTL,1
Traveloge,HTL,1
Wedgwood,HTL,1
Atlas,HTL,1
An-Nur,HTL,1
Northwest,HTL,1
Susp,HTL,1
Pullman,HTL,1
Millenium,HTL,1
Fc,HTL,1
Union,HTL,1
Exp,HTL,1
Inverness,HTL,1
Acacia,HTL,1
Sleep,HTL,1
Apa,HTL,1
Piccolino,HTL,1
Gdn,HTL,1
Avon,HTL,1
Wester,HTL,1
Ravna,HTL,1
Gora,HTL,1
Mic,HTL,1
Conference,HTL,1
Northolme,HTL,1
Five,HTL,1
Y,HTL,1
Anexo,HTL,1
Westfield,HTL,1
Whiteleaf,HTL,1
Classic,HTL,1
Promenade,HTL,1
Hsd,HTL,1
Hollingbury,HTL,1
Bdrm,HTL,1
Exe,HTL,1
Ste,HTL,1
Haslemere,HTL,1
Tourist,HTL,1
Cardiff,HTL,1
Dolls,HTL,1
Tria,HTL,1
Averard,HTL,1
Dylan,HTL,1
Rhombus,HTL,1
Ebhi,HTL,1
Standard,HTL,1
Lensbury,HTL,1
Resort,HTL,1
Atelier,HTL,1
Ec1,HTL,1
Savoy,HTL,1
Deco,HTL,1
Miahs,HTL,1
Raj,HTL,1
Mondrian,HTL,1
Pau,HTL,1
Arlington,HTL,1
27,HTL,1
Stylish,HTL,1
Cozy,HTL,1
Studio,HTL,1
Sw3,HTL,1
Bulgari,HTL,1
CrossSt,HTL,1
Blakes,HTL,1
Side,HTL,1
Mansfield,HTL,1
Antoinette,HTL,1
Astons,HTL,1
Quartier,HTL,1
Westend,HTL,1
Sanctuary,HTL,1
Zawaya,HTL,1
Special,HTL,1
Prince's,HTL,1
Londonears,HTL,1
Apart,HTL,1
Queen'S,HTL,1
Mondo,HTL,1
W2,HTL,1
Normandie,HTL,1
Pacific,HTL,1
Shared,HTL,1
Facilities,HTL,1
Christophers,HTL,1
–,HTL,1
Annexes,HTL,1
Palm,HTL,1
Nicoll,HTL,1
Beaconfield,HTL,1
Nadler,HTL,1
London-Islington,HTL,1
Amba,HTL,1
Menzies,HTL,1
Non,HTL,1
Refund,HTL,1
Mayfairhouse,HTL,1
Bridge-Novation,HTL,1
Clink261,HTL,1
Tony'S,HTL,1
Suffolk,HTL,1
Threadneedles,HTL,1
City’S,HTL,1
Heights,HTL,1
Exhibitionist,HTL,1
Venture,HTL,1
Budget,HTL,1
Formule,HTL,1
Dover,HTL,1
Maranton,HTL,1
Ventures,HTL,1
639-,HTL,1
Boka,HTL,1
3L,HTL,1
Fountain,HTL,1
Citizenm,HTL,1
Mentone,HTL,1
B+B,HTL,1
Team,HTL,1
Eurotraveller,HTL,1
E&C,HTL,1
39,HTL,1
Mabledon,HTL,1
Wardonia,HTL,1
Goodenough,HTL,1
Guest,HTL,1
43,HTL,1
Lidos,HTL,1
Anchor,HTL,1
Windermere,HTL,1
Belle,HTL,1
Cour,HTL,1
Darlington,HTL,1
Wigram,HTL,1
Welby,HTL,1
37,HTL,1
Hamiltons,HTL,1
Milner,HTL,1
Sumner,HTL,1
Vegas,HTL,1
198,HTL,1
Mk,HTL,1
291,HTL,1
Harrison:0,HTL,1
Macdonald,HTL,1
274,HTL,1
Storm,HTL,1
Rixos,HTL,1
Simply,HTL,1
Belmont,HTL,1
Astoria,HTL,1
Footbal,HTL,1
Ermins,HTL,1
Jct,HTL,1
23,HTL,1
Double,HTL,1
Tree,HTL,1
Down:0,HTL,1
Camelot,HTL,1
Rex,HTL,1
Simeon,HTL,1
Associate,HTL,1
Baileys,HTL,1
Hthe,HTL,1
Como,HTL,1
Nth,HTL,1
Circular,HTL,1
Earl,HTL,1
Jame,HTL,1
Hi,HTL,1
Exec,HTL,1
Paddingt,HTL,1
M,HTL,1
Tech,HTL,1
Long:0,HTL,1
Apple,HTL,1
Metro,HTL,1
Saba,HTL,1
Arbor,HTL,1
B,HTL,1
Sienna,HTL,1
Leman,HTL,1
Time,HTL,1
Greenland,HTL,1
Heathrow,HTL,1
Sofitel,HTL,1
Europa,HTL,1
Barn,HTL,1
Shaw,HTL,1
Senator,HTL,1
Ryan,HTL,1
Julius,HTL,1
Hammersmit,HTL,1
E,HTL,1
Refundable,HTL,1
Sheperds,HTL,1
Hindes,HTL,1
Bandb,HTL,1
82,HTL,1
55,HTL,1
Homebells,HTL,1
Hazlitt,HTL,1
Harlingford,HTL,1
Hand,HTL,1
Flower,HTL,1
Grantly,HTL,1
Gower,HTL,1
Goodwood,HTL,1
Glendale,HTL,1
Garth,HTL,1
Furnival,HTL,1
Season,HTL,1
Flexistay,HTL,1
Firmdale,HTL,1
Fairway,HTL,1
Lear,HTL,1
Head:0,HTL,1
Draycotts,HTL,1
Venue,HTL,1
Devonport,HTL,1
Dawson,HTL,1
Dalmacia,HTL,1
Crichton,HTL,1
Creffield,HTL,1
Countryside,HTL,1
Worldwide,HTL,1
Cordova,HTL,1
Rd,HTL,1
Collin,HTL,1
Paul,HTL,1
Chester,HTL,1
Chandos,HTL,1
Castletown,HTL,1
Casserly,HTL,1
Caspian,HTL,1
Cart,HTL,1
Horses,HTL,1
Bryanston,HTL,1
Brewers,HTL,1
Blueprint,HTL,1
Doughty,HTL,1
Bickenhall,HTL,1
Beaver,HTL,1
Barry,HTL,1
Balkan,HTL,1
Bakers,HTL,1
Studios@82,HTL,1
Accomodation,HTL,1
Arran,HTL,1
Arosfa,HTL,1
73,HTL,1
Amsterdam,HTL,1
Amhurst,HTL,1
Alcove,HTL,1
Abc,HTL,1
To,HTL,1
146,HTL,1
130,HTL,1
Londonkensington,HTL,1
Urban,HTL,1
Wesley,HTL,1
Haven,HTL,1
Prefer,HTL,1
Winchester,HTL,1
Torre,HTL,1
Pk,HTL,1
Ct,HTL,1
Hadleigh,HTL,1
Grapevine,HTL,1
Grim,HTL,1
Doyle,HTL,1
Boltons,HTL,1
CityView,HTL,1
Marriot,HTL,1
Upon,HTL,1
Prescot,HTL,1
Hill:4,BCN,1
Pole,BCN,1
Obelisk,BCN,1
Stratford:5,HSTS,1
Palace:3,HSTS,1
House:10,HSTS,1
Queen:1,HSTS,1
Lodge:1,HSTS,1
Alexandra:1,HSTS,1
Franklin:1,HSTS,1
Abbey:7,HSTS,1
Elizabeth's,HSTS,1
Hunting,HSTS,1
Friars:2,HSTS,1
Benjamin,HSTS,1
Pennsylvania,HSTS,1
Coffee,HSTS,1
Caesar's,HSTS,1
Camp,HSTS,1
Grey,HSTS,1
Monastery,HSTS,1
Eastminster,HSTS,1
Langthorne,HSTS,1
London:11,OBPT,1
The:14,OBPT,1
the:4,OBPT,1
Eye:1,OBPT,1
View:1,OBPT,1
Shard:1,OBPT,1
from,OBPT,1
Green:10,PPLL,1
Mount:1,PPLL,1
Vauxhall:1,PPLL,1
Kennington:0,PPLL,1
Pleasant,PPLL,1
Hither:1,PPLL,1
Archway:1,PPLL,1
London:16,THTR,1
Victoria:5,THTR,1
Lane:3,THTR,1
Palace:6,THTR,1
Royal:6,THTR,1
British:1,THTR,1
National:3,THTR,1
Institute:1,THTR,1
Hall:2,THTR,1
Haymarket:1,THTR,1
Film,THTR,1
Albert:2,THTR,1
Old:2,THTR,1
Theatre:0,THTR,1
Drury,THTR,1
Globe,THTR,1
Apollo:0,THTR,1
Palladium,THTR,1
Her,THTR,1
Majesty's,THTR,1
Young,THTR,1
Vic,THTR,1
theatre,THTR,1
Ritzy,THTR,1
IMAX,THTR,1
Cinema,THTR,1
Woolwich:4,MUS,1
Hill:13,MUS,1
Wimbledon:8,MUS,1
Station:6,MUS,1
of:5,MUS,1
Ham:6,MUS,1
London:18,MUS,1
Victoria:4,MUS,1
Strawberry:2,MUS,1
North:6,MUS,1
Great:6,MUS,1
Royal:9,MUS,1
&:2,MUS,1
House:2,MUS,1
British:2,MUS,1
College:4,MUS,1
Dr:1,MUS,1
Churchill:2,MUS,1
National:2,MUS,1
Institute:2,MUS,1
Somerset:1,MUS,1
Queen's:3,MUS,1
Sherlock:1,MUS,1
Holmes:1,MUS,1
Marble:4,MUS,1
Collection:1,MUS,1
Gallery:1,MUS,1
Prince:1,MUS,1
Johnson's,MUS,1
Albert:0,MUS,1
Museum:0,MUS,1
Portrait,MUS,1
Henry's,MUS,1
Room:0,MUS,1
R.,MUS,1
Twining,MUS,1
Company,MUS,1
Limited,MUS,1
Old:3,MUS,1
Courtauld,MUS,1
Art:0,MUS,1
Gilbert,MUS,1
Hermitage,MUS,1
Rooms:0,MUS,1
Tate,MUS,1
Modern,MUS,1
Britain,MUS,1
HMS,MUS,1
Belfast,MUS,1
Transport,MUS,1
Natural,MUS,1
History,MUS,1
Windmill:3,MUS,1
Madame,MUS,1
Tussauds,MUS,1
Academy:0,MUS,1
Cutty:1,MUS,1
Sark:1,MUS,1
Air,MUS,1
Force,MUS,1
Naval,MUS,1
Maritime:0,MUS,1
Hayward,MUS,1
Guildhall:0,MUS,1
War:1,MUS,1
Dungeon,MUS,1
Ripley's,MUS,1
Believe,MUS,1
It,MUS,1
Or,MUS,1
Not!,MUS,1
Harrison:1,MUS,1
Peter,MUS,1
Planetarium,MUS,1
Institution,MUS,1
Wimbledon:5,BLDG,1
Common:5,BLDG,1
City:5,BLDG,1
Westminster:6,BLDG,1
Wembley:5,BLDG,1
London:13,BLDG,1
Tower:4,BLDG,1
The:11,BLDG,1
South:6,BLDG,1
New:8,BLDG,1
Road:10,BLDG,1
the:1,BLDG,1
Court:11,BLDG,1
Earls:2,BLDG,1
Royal:10,BLDG,1
Centre:3,BLDG,1
International:3,BLDG,1
Riverside:1,BLDG,1
Shakespeare:1,BLDG,1
Gallery:3,BLDG,1
Beauty:1,BLDG,1
Hall:1,BLDG,1
Exhibition:2,BLDG,1
Abbey:5,BLDG,1
Multimap,BLDG,1
Naina's,BLDG,1
Therapy,BLDG,1
Temple:1,BLDG,1
Business,BLDG,1
Design,BLDG,1
Middle,BLDG,1
Theatre:1,BLDG,1
Swiss:0,BLDG,1
Re:0,BLDG,1
42,BLDG,1
ExCeL,BLDG,1
02:00,BLDG,1
More,BLDG,1
Windmill:1,BLDG,1
Watermans,BLDG,1
Parliament:0,BLDG,1
MI5,BLDG,1
building,BLDG,1
MI6,BLDG,1
US,BLDG,1
Embassy,BLDG,1
Arena:2,BLDG,1
Spa:1,BLDG,1
Festival,BLDG,1
Main:1,BLDG,1
Heaven,BLDG,1
nightclub,BLDG,1
Nettlefold,BLDG,1
Broadcast,BLDG,1
Press,BLDG,1
Studios,BLDG,1
Boydell,BLDG,1
Local,BLDG,1
Fame,BLDG,1
HD,BLDG,1
Hair,BLDG,1
Replacement,BLDG,1
BS,BLDG,1
Cotton,BLDG,1
Concrete,BLDG,1
Salon,BLDG,1
Green:5,RDJCT,1
Circus:2,RDJCT,1
Piccadilly:2,RDJCT,1
Marble:1,RDJCT,1
Arch:1,RDJCT,1
Cambridge:1,RDJCT,1
Man,RDJCT,1
Roundabout,RDJCT,1
City:9,MALL,1
Stratford:1,MALL,1
Cross:5,MALL,1
Gardens:5,MALL,1
Brent:4,MALL,1
White:4,MALL,1
Centre:2,MALL,1
Shopping,MALL,1
Hayes,MALL,1
Galleria,MALL,1
Glades,MALL,1
Harrods,MALL,1
Bentall,MALL,1
Burlington,MALL,1
St:10,CTRR,1
Shri,CTRR,1
Swaminarayan,CTRR,1
Mandir,CTRR,1
Bishopsgate:1,CTRR,1
Ethelburga-the-Virgin,CTRR,1
within,CTRR,1
Road:6,MKT,1
Lock:5,MKT,1
Town:5,MKT,1
Covent:2,MKT,1
Garden:3,MKT,1
Camden:5,MKT,1
Borough:0,MKT,1
Market:0,MKT,1
Brixton:2,MKT,1
Portobello:0,MKT,1
of:13,MNMT,1
London:26,MNMT,1
the:3,MNMT,1
Great:5,MNMT,1
Memorial:1,MNMT,1
General:1,MNMT,1
James:3,MNMT,1
Big,MNMT,1
Ben,MNMT,1
Monument:1,MNMT,1
to:0,MNMT,1
Heroic,MNMT,1
Self,MNMT,1
Sacrifice,MNMT,1
War:0,MNMT,1
Fire,MNMT,1
Nelson's,MNMT,1
Column,MNMT,1
Indian,MNMT,1
Ocean,MNMT,1
Tsunami,MNMT,1
Wolfe,MNMT,1
Statue,MNMT,1
Since,MNMT,1
09-Nov,MNMT,1
Royal:4,BRKS,1
Artillery:0,BRKS,1
Barracks,BRKS,1
Tunnel:1,TNLRD,1
Blackwall:2,TNLRD,1
Victoria:10,SQR,1
Circus:4,SQR,1
Town:6,SQR,1
Angel:2,SQR,1
Plaza:1,SQR,1
Square:2,SQR,1
Arch:3,SQR,1
Trafalgar:1,SQR,1
Sheldon,SQR,1
Picadilly,SQR,1
Admiralty,SQR,1
China,SQR,1
of:4,CTHSE,1
Southwark:4,CTHSE,1
Court:6,CTHSE,1
Royal:5,CTHSE,1
Crown:1,CTHSE,1
Courts,CTHSE,1
Justice,CTHSE,1
of:6,BANK,1
Bank:1,BANK,1
England:1,BANK,1
Hill:11,UNIV,1
of:7,UNIV,1
London:15,UNIV,1
Greenwich:6,UNIV,1
and:3,UNIV,1
Royal:12,UNIV,1
School:1,UNIV,1
College:3,UNIV,1
University:1,UNIV,1
Middlesex:1,UNIV,1
-:2,UNIV,1
Art:1,UNIV,1
Economics,UNIV,1
Political,UNIV,1
Science,UNIV,1
Avery,UNIV,1
Bush:6,OPRA,1
Royal:7,OPRA,1
House:3,OPRA,1
Shepherd's:3,OPRA,1
Opera,OPRA,1
Empire:0,OPRA,1
Railway:2,STNR,1
Station:5,STNR,1
Sidcup:1,STNR,1
Bush:2,STNR,1
House:4,STNR,1
Park:7,RD,1
Hill:5,RD,1
The:7,RD,1
Streatham:2,RD,1
St:13,RD,1
Street:9,RD,1
Road:4,RD,1
Holborn:2,RD,1
High:2,RD,1
East:5,RD,1
Regent:2,RD,1
Hanover:1,RD,1
Place:1,RD,1
M1:1,RD,1
Abbey:6,RD,1
Whitehall:1,RD,1
Strand:0,RD,1
Downhills,RD,1
marsh,RD,1
wall,RD,1
to:1,RD,1
Mall,RD,1
Rosevine,RD,1
Motorway,RD,1
M11,RD,1
M4,RD,1
Carnaby,RD,1
Beatles,RD,1
Crossing,RD,1
Makkah,RD,1
Twickenham:2,CTRB,1
Stadium:1,CTRB,1
Isleworth:2,ISL,1
Chiswick:5,ISL,1
Brentford:3,ISL,1
Trowlock,ISL,1
Island:0,ISL,1
Swan,ISL,1
Eel,ISL,1
Pie,ISL,1
Corporation,ISL,1
Ait,ISL,1
Lot's,ISL,1
Oliver's,ISL,1
Eyot,ISL,1
Gallery:2,CTRCM,1
Olympia:3,CTRCM,1
491,CTRCM,1
Fairlop:1,HSE,1
Court:5,HSE,1
House:9,HSE,1
Lodge:2,HSE,1
York:1,HSE,1
Peters,HSE,1
Dene,HSE,1
Mansions,HSE,1
Kenwood,HSE,1
Arundel,HSE,1
Fantastic,HSE,1
Removals,HSE,1
Sudbrook,HSE,1
Pembroke,HSE,1
Thatched,HSE,1
Parkstead,HSE,1
Orleans,HSE,1
Asgill,HSE,1
Willoughby,HSE,1
Centre:4,HSPC,1
Medical:1,HSPC,1
Allum,HSPC,1
West:6,LIBR,1
Norwood:3,LIBR,1
Ham:8,LIBR,1
London:23,LIBR,1
New:9,LIBR,1
Malden:4,LIBR,1
Beckenham:3,LIBR,1
Centre:5,LIBR,1
British:3,LIBR,1
Tudor:1,LIBR,1
Leytonstone:2,LIBR,1
Library,LIBR,1
Stanfords,LIBR,1
Daunt,LIBR,1
Books,LIBR,1
Drive,LIBR,1
The:16,SCH,1
St:9,SCH,1
Royal:15,SCH,1
Community:1,SCH,1
School:2,SCH,1
Connaught:1,SCH,1
Docks:1,SCH,1
Paul's:2,SCH,1
Cathedral:1,SCH,1
Girls',SCH,1
Ballet,SCH,1
German,SCH,1
Park:11,LK,1
Hollow,LK,1
Ponds:0,LK,1
Higham's,LK,1
Lake,LK,1
Boating,LK,1
The:9,STMSB,1
Fillebrook,STMSB,1
West:7,CMTY,1
Norwood:4,CMTY,1
City:4,CMTY,1
of:8,CMTY,1
London:17,CMTY,1
Highgate:2,CMTY,1
Cemetery,CMTY,1
Finchley:5,PO,1
East:7,PO,1
Post:0,PO,1
Office,PO,1
Broadway:0,PO,1
Cash,ATM,1
Points,ATM,1
of:17,ZN,1
End:2,ZN,1
East:8,ZN,1
Commonwealth,ZN,1
Nations,ZN,1
Brixton:3,PRN,1
Prison,PRN,1
Brixton:4,MLWND,1
Windmill:0,MLWND,1
Wimbledon:6,REST,1
Common:6,REST,1
of:15,REST,1
The:18,REST,1
Grove:6,REST,1
Islington:5,REST,1
Bloomsbury:2,REST,1
and:5,REST,1
House:12,REST,1
Club:3,REST,1
Gate:6,REST,1
Collection:2,REST,1
Regency:1,REST,1
Room:2,REST,1
Old:10,REST,1
Windmill:2,REST,1
Red,REST,1
Lion,REST,1
Pineapple,REST,1
Fish:1,REST,1
Breakfast:1,REST,1
Petrus,REST,1
Cafe:1,REST,1
Guildhall:1,REST,1
Tea:0,REST,1
Rooms_,REST,1
Head:1,REST,1
Shed,REST,1
BB,REST,1
Bakery,REST,1
MotherMash,REST,1
Lucky,REST,1
Chip,REST,1
Cow,REST,1
Seafresh,REST,1
SeaShell,REST,1
Lisson,REST,1
Elephants,REST,1
Lady,REST,1
Ottoline,REST,1
Elliot's,REST,1
MEATliquor,REST,1
Honest,REST,1
Burgers,REST,1
Patty,REST,1
Bun,REST,1
Hawksmoor,REST,1
Terry's,REST,1
cafe,REST,1
Quo,REST,1
Vadis,REST,1
Culpeper,REST,1
Soho's,REST,1
Secret,REST,1
Bea's,REST,1
Cakes,REST,1
Wallace,REST,1
Homeslice,REST,1
Pizza,REST,1
The:10,ARCHV,1
National:4,ARCHV,1
Archives,ARCHV,1
Station:4,PP,1
Kensington:6,PP,1
New:4,PP,1
Bromley:4,PP,1
Scotland,PP,1
Yard:0,PP,1
Police,PP,1
Waterloo:3,BUSTN,1
Bus,BUSTN,1
Depot:0,BUSTN,1
Willesden:5,PS,1
Station:3,PS,1
Lane:8,PS,1
-:1,PS,1
Battersea:2,PS,1
Power,PS,1
HVDC,PS,1
Kingsnorth,PS,1
Static,PS,1
Inverter,PS,1
Plant,PS,1
Taylor's,PS,1
Wood:5,RJCT,1
Hill:8,RJCT,1
Bridge:6,RJCT,1
South:7,RJCT,1
St:11,RJCT,1
North:7,RJCT,1
Junction:2,RJCT,1
Vale:2,RJCT,1
Lewisham:5,RJCT,1
Road:7,RJCT,1
Cray:3,RJCT,1
Chislehurst:2,RJCT,1
Bickley:2,RJCT,1
Mary:2,RJCT,1
Mitre:1,RJCT,1
Peckham:2,RJCT,1
Rye:2,RJCT,1
Nunhead:2,RJCT,1
Ladywell:1,RJCT,1
Shortlands:0,RJCT,1
Crofton:1,RJCT,1
Lee:1,RJCT,1
Denmark:1,RJCT,1
Petts,RJCT,1
Spur,RJCT,1
Loop,RJCT,1
Courthill,RJCT,1
Tanners:0,RJCT,1
Tunnels:1,RJCT,1
of:9,ADMF,1
Parliament:1,ADMF,1
Houses,ADMF,1
Earl's:2,FCL,1
Court:7,FCL,1
Olympia:1,FCL,1
Exhibition:1,FCL,1
ExCel:1,FCL,1
Exhebition,FCL,1
Center,FCL,1
Woolwich:5,FY,1
Free:2,FY,1
Ferry,FY,1
London:20,RUIN,1
Tower:7,RUIN,1
St:8,RUIN,1
Church:3,RUIN,1
Christ,RUIN,1
Greyfriars,RUIN,1
Alphage,RUIN,1
Wall:0,RUIN,1
Dunstan-in-the-East,RUIN,1
Watkin's,RUIN,1
London:21,SWT,1
Hill:7,TNLRR,1
Sydenham:2,TNLRR,1
Grove:3,TNLRR,1
Tunnel:2,TNLRR,1
Chislehurst:3,TNLRR,1
Slow,TNLRR,1
Fast,TNLRR,1
Tanners:1,TNLRR,1
Tunnels:0,TNLRR,1
Hill:10,ADM4,1
Loughton:2,ADM4,1
Elstree:3,ADM4,1
Chigwell:2,ADM4,1
Buckhurst:2,ADM4,1
Borehamwood:2,ADM4,1
and:7,ADM4,1
Theydon:1,ADM4,1
Bois:1,ADM4,1
Lambourne,ADM4,1
College:2,SCHC,1
Mottingham:2,SCHC,1
Hadlow,SCHC,1
Guards:1,MVA,1
Horse,MVA,1
Parade:0,MVA,1
Britannia:1,ADM1H,1
Superior:0,ADM1H,1
Common:4,RYD,1
Willesden:6,RYD,1
Railway:4,RYD,1
Lane:7,RYD,1
Oak:5,RYD,1
Old:7,RYD,1
Depot:1,RYD,1
Rail:1,RYD,1
Stewarts,RYD,1
Loco,RYD,1
of:14,BLDO,1
The:17,BLDO,1
House:11,BLDO,1
Ltd:1,BLDO,1
UK:1,BLDO,1
Yalding,BLDO,1
Infinigate,BLDO,1
Diocese,BLDO,1
Chelmsford,BLDO,1
Urban&Civic,BLDO,1
plc,BLDO,1
Asian,BLDO,1
Absolute,BLDO,1
Ealing:7,PPLA4,1
Broadway:4,PPLA4,1
Hill:12,HLL,1
Road:12,HLL,1
Kingston:4,HLL,1
area,HLL,1
The:12,MDW,1
Royal:13,MDW,1
Paddocks,MDW,1
The:15,PND,1
Queen's:4,PND,1
Water:2,PND,1
Mere,PND,1
Serpentine,PND,1
Long:1,PND,1
Round,PND,1
Pond,PND,1
Thomson's,PND,1
Dock:3,DCKY,1
Royal:14,DCKY,1
Albert:4,DCKY,1
Dock:4,DCKD,1
Milwall,DCKD,1
Heath:5,ATHF,1
Putney:6,ATHF,1
Ground:1,ATHF,1
George's:1,ATHF,1
Prince:3,ATHF,1
Cricket:1,ATHF,1
Cannons,ATHF,1
Recreation,ATHF,1
Playing,ATHF,1
Field,ATHF,1
West:8,RSV,1
High:6,RSV,1
East:9,RSV,1
Brent:5,RSV,1
King:5,RSV,1
George's:2,RSV,1
William:1,RSV,1
Warwick:2,RSV,1
Banbury,RSV,1
Reservoir,RSV,1
Girling,RSV,1
Lockwood,RSV,1
Low,RSV,1
Maynard,RSV,1
Walthamstow:3,MRSH,1
Marshes,MRSH,1
Springfield:1,MAR,1
Valley:3,MAR,1
Lee:4,MAR,1
Marina,MAR,1
Heath:6,HTH,1
Putney:7,HTH,1
Wimbledon:7,RECG,1
Common:7,RECG,1
London:24,RECG,1
Royal:16,RECG,1
Club:2,RECG,1
Surrey:2,RECG,1
Scottish,RECG,1
Golf,RECG,1
Course,RECG,1
Mid,RECG,1
Victoria:9,PRKGT,1
Centre:8,PRKGT,1
Gate:5,PRKGT,1
Information,PRKGT,1
Forest:4,RESF,1
Epping:1,RESF,1
London:25,GRVE,1
Rosewood:1,GRVE,1
Park:12,AIRH,1
London:29,AIRH,1
Hyde:4,AIRH,1
Court:13,AIRH,1
Hotel:1,AIRH,1
Heliport,AIRH,1
River:2,WTRC,1
Crane:1,WTRC,1
Kensington:9,GDN,1
Gardens:6,GDN,1
Garden:6,GDN,1
National:5,GDN,1
Square:5,GDN,1
Museum:1,GDN,1
Maritime:1,GDN,1
Wildlife,GDN,1
Ponds:1,PNDS,1
Pen,PNDS,1
Isabella,AGRF,1
Plantation,AGRF,1
Wood:6,RESN,1
Reserve:1,RESN,1
Fishpond,RESN,1
Nature,RESN,1
The:19,MFGB,1
Cross:8,MFGB,1
Of:2,MFGB,1
Princess:2,MFGB,1
Cambridge:3,MFGB,1
Duke:1,MFGB,1
Keys,MFGB,1
Waxy,MFGB,1
O'Connor's,MFGB,1
Louise,MFGB,1
Grenadier,MFGB,1
Harp,MFGB,1
City:10,FRM,1
Stepney:2,FRM,1
Farm:3,FRM,1
Petersham:1,GRAZ,1
Meadows,GRAZ,1
Kilmorey,TMB,1
Mausoleum,TMB,1
Wellington:2,ARCH,1
Arch:5,ARCH,1
London:28,RGN,1
Greater:3,RGN,1
Hill:15,AIRF,1
Lippitts,AIRF,1
&:6,RET,1
Bi,RET,1
Wines,RET,1
Spirits,RET,1
and:8,SPA,1
Beauty:2,SPA,1
Spa:2,SPA,1
Luxury,SPA,1
London:30,HBR,1
